-- MySQL dump 10.13  Distrib 5.6.23, for Win64 (x86_64)
--
-- Host: localhost    Database: enrollment
-- ------------------------------------------------------
-- Server version	5.6.17

/*!40101 SET @OLD_CHARACTER_SET_CLIENT=@@CHARACTER_SET_CLIENT */;
/*!40101 SET @OLD_CHARACTER_SET_RESULTS=@@CHARACTER_SET_RESULTS */;
/*!40101 SET @OLD_COLLATION_CONNECTION=@@COLLATION_CONNECTION */;
/*!40101 SET NAMES utf8 */;
/*!40103 SET @OLD_TIME_ZONE=@@TIME_ZONE */;
/*!40103 SET TIME_ZONE='+00:00' */;
/*!40014 SET @OLD_UNIQUE_CHECKS=@@UNIQUE_CHECKS, UNIQUE_CHECKS=0 */;
/*!40014 SET @OLD_FOREIGN_KEY_CHECKS=@@FOREIGN_KEY_CHECKS, FOREIGN_KEY_CHECKS=0 */;
/*!40101 SET @OLD_SQL_MODE=@@SQL_MODE, SQL_MODE='NO_AUTO_VALUE_ON_ZERO' */;
/*!40111 SET @OLD_SQL_NOTES=@@SQL_NOTES, SQL_NOTES=0 */;

--
-- Table structure for table `class`
--

DROP TABLE IF EXISTS `class`;
/*!40101 SET @saved_cs_client     = @@character_set_client */;
/*!40101 SET character_set_client = utf8 */;
CREATE TABLE `class` (
  `classcode` int(11) NOT NULL,
  `days` varchar(45) NOT NULL,
  `time` varchar(45) NOT NULL,
  `room` varchar(45) NOT NULL,
  `slots` int(11) DEFAULT NULL,
  `reserved` int(11) DEFAULT NULL,
  `enrolled` int(11) DEFAULT NULL,
  `status` enum('OPEN TO SCHOOL','OPEN TO ALL','CLOSED') DEFAULT NULL,
  `schoolid` varchar(45) NOT NULL,
  `courseno` varchar(45) NOT NULL,
  PRIMARY KEY (`classcode`),
  KEY `fk_class_coursno_idx` (`courseno`),
  KEY `fk_class_schoolid_idx` (`schoolid`),
  CONSTRAINT `fk_class_courseno` FOREIGN KEY (`courseno`) REFERENCES `coursedetails` (`courseno`) ON DELETE NO ACTION ON UPDATE NO ACTION,
  CONSTRAINT `fk_class_schoolid` FOREIGN KEY (`schoolid`) REFERENCES `coursedetails` (`schoolid`) ON DELETE NO ACTION ON UPDATE NO ACTION
) ENGINE=InnoDB DEFAULT CHARSET=latin1;
/*!40101 SET character_set_client = @saved_cs_client */;

--
-- Dumping data for table `class`
--

LOCK TABLES `class` WRITE;
/*!40000 ALTER TABLE `class` DISABLE KEYS */;
INSERT INTO `class` VALUES (9300,'TTHS','9:30-10:30','P606',50,NULL,NULL,NULL,'SCIS','THEO 1'),(9303,'MWF','9:30-10:30','P609',50,NULL,NULL,NULL,'SCIS','HIST 1'),(9316,'WS','9:30-10:30','S425',50,NULL,NULL,NULL,'SCIS','ICS 111'),(9317,'MTH','9:00-10:30','S422',50,NULL,NULL,NULL,'SCIS','ICS 111L'),(9324,'MWF','9:30-10:30','S523',50,NULL,NULL,NULL,'SCIS','MATH 1A'),(9325,'TTHS','9:30-10:30','S523',50,NULL,NULL,NULL,'SCIS','MATH 2A'),(9330,'TTHS','8:30-9:30','P608',50,NULL,NULL,NULL,'SCIS','THEO 3'),(9331,'MWF','8:30-9:30','P605',50,NULL,NULL,NULL,'SCIS','ENGL 4'),(9332,'MWF','9:30-10:30','P604',50,NULL,NULL,NULL,'SCIS','PHILOS 1'),(9333,'TTHS','10:30-11:30','S522',50,NULL,NULL,NULL,'SCIS','ECON 1'),(9334,'MTWTH','7:30-8:30','S525',50,NULL,NULL,NULL,'SCIS','MATH 4A'),(9339,'MTH','9:30-10:30','S426',50,NULL,NULL,NULL,'SCIS','ICS 311'),(9340,'WS','9:00-10:30','S422',50,NULL,NULL,NULL,'SCIS','ICS 311L'),(9343,'TTHS','10:30-11:30','S423',50,NULL,NULL,NULL,'SCIS','CS 311A'),(9345,'MTH','8:30-9:30','S423',50,NULL,NULL,NULL,'SCIS','ICS 321'),(9346,'WS','7:30-9:00','S422',50,NULL,NULL,NULL,'SCIS','ICS 321L'),(9347,'MWF','10:30-11:30','S425',50,NULL,NULL,NULL,'SCIS','ICS 411'),(9348,'MWF','7:30-8:30','S416',50,NULL,NULL,NULL,'SCIS','RESEARCH 1'),(9350,'TWF','8:30-9:30','S426',50,NULL,NULL,NULL,'SCIS','CS 321B'),(9354,'MWF','9:30-10:30','P605',50,NULL,NULL,NULL,'SCIS','ENGL 1'),(9357,'TTHS','9:30-10:30','P604',50,NULL,NULL,NULL,'SCIS','PHILOS 1'),(9363,'MWF','9:30-10:30','P606',50,NULL,NULL,NULL,'SCIS','THEO 3'),(9364,'MWF','10:30-11:30','P605',50,NULL,NULL,NULL,'SCIS','ENGL 4'),(9365,'TTHS','10:30-11:30','P604',50,NULL,NULL,NULL,'SCIS','POLIT SC 1N'),(9366,'TTHS','8:30-9:30','S522',50,NULL,NULL,NULL,'SCIS','NAT SC 2'),(9367,'MWF','8:30-9:30','S521',50,NULL,NULL,NULL,'SCIS','MGMT 1'),(9373,'TF','9:00-10:30','S422',50,NULL,NULL,NULL,'SCIS','IS 311L'),(9379,'MWF','10:30-11:30','S521',50,NULL,NULL,NULL,'SCIS','MGMT 2'),(9387,'TTHS','9:30-10:30','P607',50,NULL,NULL,NULL,'SCIS','LIS 111'),(9390,'TTHS','9:30-10:30','S522',50,NULL,NULL,NULL,'SCIS','ECOL 1A'),(9392,'TF','7:30-9:00','S421',50,NULL,NULL,NULL,'SCIS','LIS 223'),(9393,'MWF','10:30-11:30','S524',50,NULL,NULL,NULL,'SCIS','LIS 211'),(9396,'TF','7:30-9:00','S422',50,NULL,NULL,NULL,'SCIS','COMP 4A'),(9397,'MWF','10:30-11:30','S525',50,NULL,NULL,NULL,'SCIS','STAT 1'),(9402,'TTHS','10:30-11:30','S524',50,NULL,NULL,NULL,'SCIS','LIS 211A'),(9403,'MWF','9:30-10:30','S524',50,NULL,NULL,NULL,'SCIS','LIS 311C'),(9404,'TTHS','9:30-10:30','S524',50,NULL,NULL,NULL,'SCIS','LIS E04'),(9406,'MTWTHF','7:30-8:30','P607',50,NULL,NULL,NULL,'SCIS','MATH 1B'),(9407,'MWF','8:30-9:30','P607',50,NULL,NULL,NULL,'SCIS','MATH 2A'),(9409,'S','7:30-10:30','A304',50,NULL,NULL,NULL,'SCIS','CHEM 1AL'),(9412,'MWF','8:30-9:30','S525',50,NULL,NULL,NULL,'SCIS','PHYS 1A'),(9413,'TTH','7:30-9:00','A203',50,NULL,NULL,NULL,'SCIS','PHYS 1AL'),(9416,'MTWTHF','10:30-11:30','P607',50,NULL,NULL,NULL,'SCIS','CALC 3'),(9422,'TTHS','8:30-9:30','P607',50,NULL,NULL,NULL,'SCIS','MATH 17'),(9424,'MWF','9:30-10:30','P607',50,NULL,NULL,NULL,'SCIS','MATH 26'),(9425,'MTWTHFS','8:00-8:30','P607',50,NULL,NULL,NULL,'SCIS','RESEARCH 1'),(9434,'WS','7:30-8:30','S527',50,NULL,NULL,NULL,'SCIS','IT 111'),(9435,'MTH','7:30-9:00','S421',50,NULL,NULL,NULL,'SCIS','IT 111L'),(9436,'TF','9:30-10:30','S426',50,NULL,NULL,NULL,'SCIS','IT 112'),(9437,'WS','9:00-10:30','S421',50,NULL,NULL,NULL,'SCIS','IT 112L'),(9442,'TTHS','9:30-10:30','S525',50,NULL,NULL,NULL,'SCIS','MATH 1A'),(9445,'MTH','10:30-12:00','S422',50,NULL,NULL,NULL,'SCIS','IT 111L'),(9446,'TF','7:30-8:30','S425',50,NULL,NULL,NULL,'SCIS','IT 112'),(9447,'MTH','7:30-9:00','S422',50,NULL,NULL,NULL,'SCIS','IT 112L'),(9454,'TF','9:30-10:30','S425',50,NULL,NULL,NULL,'SCIS','IT 111'),(9455,'MTH','9:00-10:30','S421',50,NULL,NULL,NULL,'SCIS','IT 111L'),(9457,'WS','10:30-12:00','S421',50,NULL,NULL,NULL,'SCIS','IT 112l'),(9466,'MTH','9:30-10:30','S425',50,NULL,NULL,NULL,'SCIS','IT 112'),(9467,'TF','9:00-10:30','S421',50,NULL,NULL,NULL,'SCIS','IT 112L'),(9468,'MWF','10:30-11:30','P606',50,NULL,NULL,NULL,'SCIS','THEO 1'),(9470,'MWF','9:30-10:30','P608',50,NULL,NULL,NULL,'SCIS','FIL 1'),(9479,'TTHS','7:30-8:30','P605',50,NULL,NULL,NULL,'SCIS','ENGL 1'),(9481,'TTHS','8:30-9:30','P609',50,NULL,NULL,NULL,'SCIS','HIST 1'),(9483,'MWF','9:30-10:30','S521',50,NULL,NULL,NULL,'SCIS','MATH 2A'),(9487,'TF','10:30-12:00','S421',50,NULL,NULL,NULL,'SCIS','IT 112L'),(9489,'TTHS','8:30-9:30','P605',50,NULL,NULL,NULL,'SCIS','ENGL 1'),(9490,'TTHS','7:30-8:30','P608',50,NULL,NULL,NULL,'SCIS','FIL 1'),(9495,'MTH','10:30-12:00','S421',50,NULL,NULL,NULL,'SCIS','IT 111L'),(9498,'TTHS','10:30-11:30','P606',50,NULL,NULL,NULL,'SCIS','THEO 1'),(9499,'TTHS','9:30-10:30','P605',50,NULL,NULL,NULL,'SCIS','ENGL 1'),(9506,'MTH','8:30-9:30','S426',50,NULL,NULL,NULL,'SCIS','IT 112'),(9507,'WS','7:30-9:00','S421',50,NULL,NULL,NULL,'SCIS','IT 112L'),(9508,'MWF','8:30-9:30','P606',50,NULL,NULL,NULL,'SCIS','THEO 1'),(9509,'MWF','7:30-8:30','P605',50,NULL,NULL,NULL,'SCIS','ENGL 1'),(9510,'TTHS','10:30-11:30','P608',50,NULL,NULL,NULL,'SCIS','FIL 1'),(9511,'MWF','10:30-11:30','P609',50,NULL,NULL,NULL,'SCIS','HIST 1'),(9520,'MWF','7:30-8:30','S526',50,NULL,NULL,NULL,'SCIS','IT 132'),(9521,'MTWTH','8:30-9:30','S523',50,NULL,NULL,NULL,'SCIS','MATH 3B'),(9526,'TTHS','10:30-11:30','P609',50,NULL,NULL,NULL,'SCIS','HIST 2'),(9527,'TTHS','9:30-10:30','S521',50,NULL,NULL,NULL,'SCIS','MATH 4'),(9528,'TF','7:30-8:30','S423',50,NULL,NULL,NULL,'SCIS','IT 211'),(9529,'MTH','7:30-9:00','S326',50,NULL,NULL,NULL,'SCIS','IT 211L'),(9532,'MWF','10:30-11:30','P604',50,NULL,NULL,NULL,'SCIS','PHILOS 2'),(9535,'TTHS','10:30-11:30','S523',50,NULL,NULL,NULL,'SCIS','MATH 4'),(9536,'MTH','9:30-10:30','S423',50,NULL,NULL,NULL,'SCIS','IT 211'),(9537,'TF','9:00-10:30','S326',50,NULL,NULL,NULL,'SCIS','IT 211L'),(9540,'MWF','7:30-8:30','P604',50,NULL,NULL,NULL,'SCIS','PHILOS 2'),(9541,'MWF','8:30-9:30','P609',50,NULL,NULL,NULL,'SCIS','SOCIO 1'),(9545,'TF','10:30-12:00','S326',50,NULL,NULL,NULL,'SCIS','IT 211L'),(9546,'TTHS','7:30-8:30','P606',50,NULL,NULL,NULL,'SCIS','THEO 3'),(9547,'TTHS','10:30-11:30','P605',50,NULL,NULL,NULL,'SCIS','ENGL 4A'),(9548,'TTHS','8:30-9:30','P604',50,NULL,NULL,NULL,'SCIS','PHILOS 2'),(9549,'MWF','8:30-9:30','P604',50,NULL,NULL,NULL,'SCIS','SOCIO 1'),(9550,'MWF','10:30-11:30','P608',50,NULL,NULL,NULL,'SCIS','HIST 2'),(9557,'MWF','8:30-9:30','P608',50,NULL,NULL,NULL,'SCIS','SOCIO 1'),(9558,'MWF','7:30-8:30','P609',50,NULL,NULL,NULL,'SCIS','HIST 2'),(9564,'TTHS','8:30-9:30','P606',50,NULL,NULL,NULL,'SCIS','PHILOS 2'),(9566,'TTHS','9:30-10:30','P608',50,NULL,NULL,NULL,'SCIS','HIST 2'),(9571,'TTHS','9:30-10:30','P609',50,NULL,NULL,NULL,'SCIS','ENGL 7'),(9575,'WS','8:30-9:30','S423',50,NULL,NULL,NULL,'SCIS','IT 315'),(9576,'TF','7:30-9:00','S326',50,NULL,NULL,NULL,'SCIS','IT 314L'),(9577,'TTHS','10:30-11:30','S425',50,NULL,NULL,NULL,'SCIS','IT 315'),(9578,'TTHS','9:30-10:30','S527',50,NULL,NULL,NULL,'SCIS','IT 321B'),(9580,'MWF','10:30-11:30','S527',50,NULL,NULL,NULL,'SCIS','IT 311'),(9586,'TTHS','10:30-11:30','S527',50,NULL,NULL,NULL,'SCIS','IT 010'),(9591,'WS','9:30-10:30','S423',50,NULL,NULL,NULL,'SCIS','IT 315'),(9592,'MTH','9:00-10:30','S326',50,NULL,NULL,NULL,'SCIS','IT 314L'),(9597,'TF','9:30-10:30','S423',50,NULL,NULL,NULL,'SCIS','IT 312'),(9598,'WS','9:00-10:30','S326',50,NULL,NULL,NULL,'SCIS','IT 312L'),(9604,'MWF','9:30-10:30','S527',50,NULL,NULL,NULL,'SCIS','IT 311'),(9613,'TTHS','8:30-9:30','S526',50,NULL,NULL,NULL,'SCIS','IT 423'),(9616,'TTHS','7:30-8:30','S526',50,NULL,NULL,NULL,'SCIS','IT 314'),(9617,'TTHS','9:30-10:30','S526',50,NULL,NULL,NULL,'SCIS','ITF 004'),(9621,'MWF','7:30-8:30','S426',50,NULL,NULL,NULL,'SCIS','IT 424'),(9622,'TTHS','8:30-9:30','S527',50,NULL,NULL,NULL,'SCIS','IT 413'),(9627,'MTWTHFS','8:00-8:30','S426',50,NULL,NULL,NULL,'SCIS','IT 424'),(9633,'MTWTHFS','8:00-8:30','S526',50,NULL,NULL,NULL,'SCIS','IT 424'),(9635,'MWF','9:30-10:30','S526',50,NULL,NULL,NULL,'SCIS','ITF 004'),(9644,'TTHS','8:30-9:30','S521',50,NULL,NULL,NULL,'SCIS','MATH 2A'),(9646,'MWF','8:30-9:30','S522',50,NULL,NULL,NULL,'SCIS','MATH 2A'),(9647,'MTWTH','7:30-8:30','S521',50,NULL,NULL,NULL,'SCIS','MATH 3B'),(9648,'MWF','9:30-10:30','S522',50,NULL,NULL,NULL,'SCIS','MATH 7A');
/*!40000 ALTER TABLE `class` ENABLE KEYS */;
UNLOCK TABLES;

--
-- Table structure for table `course`
--

DROP TABLE IF EXISTS `course`;
/*!40101 SET @saved_cs_client     = @@character_set_client */;
/*!40101 SET character_set_client = utf8 */;
CREATE TABLE `course` (
  `courseno` varchar(45) NOT NULL,
  `description` varchar(45) NOT NULL,
  `units` int(11) NOT NULL,
  `priceperunit` double NOT NULL,
  `semester` enum('First','Second','Short') DEFAULT NULL,
  `year` int(11) DEFAULT NULL,
  PRIMARY KEY (`courseno`)
) ENGINE=InnoDB DEFAULT CHARSET=latin1;
/*!40101 SET character_set_client = @saved_cs_client */;

--
-- Dumping data for table `course`
--

LOCK TABLES `course` WRITE;
/*!40000 ALTER TABLE `course` DISABLE KEYS */;
INSERT INTO `course` VALUES ('Calc 1','Calculus 1',5,593,'First',2),('Calc 2','Calculus 2',5,593,'Second',3),('Calc 3','Calculus 3',5,593,'First',3),('Chem 1A ','General and Inorganic Chemistry I (Lec)',3,593,'Second',1),('Chem 1AL','General and Inorganic Chemistry I (Lab)',1,593,'Second',1),('Chem 2A','General and Inorganic Chemistry II (Lec)',2,593,'Second',1),('Chem 2AL','General and Inorganic Chemistry II (Lab)',1,593,'Second',1),('Comp 1','Intro to Computer Concepts and Information',3,593,'First',1),('Comp 2','Web Page Design',3,593,'Short',3),('Comp 3','Computer Applications I',3,593,'First',3),('Comp 4','Computer Applications',3,593,'First',4),('Comp 4A','Computer Application 2',3,593,'First',3),('CS 311A','Object Oriented Programming',3,593,'First',3),('CS 311B','Compiler Design',3,593,'First',4),('CS 321a','Introduction to Automata and Formal Languages',3,593,'Second',3),('CS 321B','Artificial Intelligence',3,593,'First',4),('CS 321C','Intro to Parallel Computing',3,593,'First',3),('CS 321d','Structure of Programming Languages',3,593,'Second',3),('CS 322','Methods of research in Computer Science',3,593,'Second',3),('CS 411A','Advanced Computer Architecture',3,593,'Second',4),('CS 411B','Distributed Systems',3,593,'Second',4),('CS 411C','Special Topics in Computer Science',3,593,'Second',4),('CS 412','Practicum',3,593,'Short',3),('CS 421A','Interfacing and Communicating',3,593,'First',4),('CS 421B','Computer Graphics',3,593,'First',4),('CS 421C','Computer Performance Modeling',3,593,'Second',3),('CS 422','System Resource Management',3,593,'Second',4),('CS 422A','Modeling and Simlulation Theory',3,593,'Second',4),('CS 422B','Intro to Robotics',3,593,'Second',4),('Ecol 1A','Introducation to Ecology',3,593,'First',2),('Econ 1','Basic Economics with Taxation and Agrarian Re',3,593,'Second',2),('Econ 2','Macroeconomics Theory',3,593,'First',2),('EDUC 102A','Child and Adolescent Development',3,593,'Second',3),('EDUC 104A','Faciiltating Learning',3,593,'Second',3),('EDUC 105','Principles of Teaching 1',3,593,'Second',3),('EDUC 107','Education Technology 1',3,593,'Second',4),('EDUC 109','Assessment of Students Learning',3,593,'Second',4),('EDUC 112','Social Dimensions of Education',3,593,'Second',4),('Educ 3','Principles and Methods of Teaching',3,593,'First',3),('Educ 3a','Educational Psychology',3,593,'Second',3),('Engl 1','Communication Arts I',3,593,'First',1),('Engl 2','Communication Arts II',3,593,'Second',1),('Engl 26A','Phonetics and Developmental Reading',3,593,'First',2),('Engl 4','Public Speaking and Argumentation',3,593,'First',2),('Engl 4A','Effective Communication with Phonetics',3,593,'First',2),('Engl 7','Technical Writing',3,593,'Second',2),('Fil 1','Komunikasyon sa Akademikong Filipino',3,593,'First',1),('Fil 2','Pagbasa at Pasulat Tungo sa Pananaliksik',3,593,'Second',1),('Fil 3','Masining na Pagpapahayag',3,593,'First',2),('Hist 1','Philippine History',3,593,'First',1),('Hist 2','Life and Works of Rizal',3,593,'First',1),('Hum 1a','Intro to Humanities/Art Appreciation',3,593,'Short',1),('ICS 111','Introduction to Computer Science (Lec)',2,623,'First',1),('ICS 111L','Introduction to Computer Science (Lab)',1,623,'First',1),('ICS 112','Computer Programming I',2,623,'First',1),('ICS 112L','Computer Programming I (Lab)',1,623,'First',1),('ICS 121','Introduction to Computer Science II (Lec)',2,623,'Second',1),('ICS 121L',' Introduction to Computer Science II (Lab)',1,623,'Second',1),('ICS 122','Computer Programming II (Lec)',2,623,'Second',1),('ICS 122L','Computer Programming II (Lab)',1,623,'Second',1),('ICS 211','Data Structures with Algorithm Development (L',2,623,'First',2),('ICS 211L','Data Structures with Algorithm Development (L',1,623,'First',2),('ICS 221','File Organization',3,623,'Second',2),('ICS 222','Computer Architecture (Lec)',2,623,'Second',2),('ICS 222L','Computer Architecture (Lab)',1,623,'Second',2),('ICS 311','Operating Systems (Lec)',2,623,'First',3),('ICS 311A','Numerial Methods',3,593,'First',3),('ICS 311L','Operating Systems (Lab)',1,623,'First',3),('ICS 312','Programming Applications (Lec)',2,623,'First',3),('ICS 312L','Programming Applications (Lab)',1,623,'First',3),('ICS 313','Discrete Mathematics',3,593,'Short',2),('ICS 321','Database Management Systems (Lec)',2,623,'First',3),('ICS 321L','Database Management Systems (Lab)',1,623,'First',3),('ICS 322','Data Communications and Computer Networks (Le',2,623,'Second',3),('ICS 322L','Data Communications and Computer Networks (La',1,623,'Second',3),('ICS 411','Quality Consciousness, Habit and Processes',3,593,'First',4),('ICS 411A','Intro to Operations Research',3,593,'First',4),('ICS 411B','Advanced Operating Systems',3,593,'Second',4),('ICS 421A','Advanced Networking Topics',3,593,'First',4),('ICS 421B','Knowledge and Complex Adaptive Systems',3,593,'First',4),('IS 111','IS Fundamentals 1',3,623,'First',1),('IS 112','Programming Fundamentals 1 (Lec)',2,623,'First',1),('IS 112L','Programming Fundamentals 1 (Lab)',1,623,'First',1),('IS 121','IS Fundamentals 2 (Lec)',2,623,'Second',1),('IS 121L','IS Fundamentals 2 (Lab)',1,623,'Second',1),('IS 122','Programming Fundamentals 2 (Lec)',2,623,'Second',1),('IS 122L','Programming Fundamentals 2 (Lab)',1,623,'Second',1),('IS 131','Intro to the IS Profession and Ethics',3,593,'Short',1),('IS 211','Data Structures for IS (Lec)',2,623,'First',2),('IS 211L','Data Structures for IS (Lab)',1,623,'First',2),('IS 212','Discrete Structures',3,593,'First',2),('IS 221','Business Processes',3,593,'Second',2),('IS 222','Financial Systems',3,593,'Second',2),('IS 231','Networks and Internet Technology (Lec)',2,623,'Short',2),('IS 231L','Networks and Internet Technology (Lab)',1,623,'Short',2),('IS 311','Databse Managment Systems for IS (Lec)',2,623,'First',3),('IS 311L','Databse Managment Systems for IS (Lab)',1,623,'First',3),('IS 312','Human Computer Interaction',3,593,'First',3),('IS 313','Infromation Systems Planning',3,593,'First',3),('IS 314','Management of Technology',3,593,'First',3),('IS 321','Applications Development (Lec)',2,623,'Second',3),('IS 321L','Applications Development (Lab)',1,623,'Second',3),('IS 322','Systems Analysis and Design',3,593,'Second',3),('IS 323','Web Technologies (Lec)',2,623,'Second',3),('IS 323L','Web Technologies (Lab)',1,623,'Second',3),('IS 324','System Infrastructure and Integration',3,593,'Second',3),('IS 325A','Practicum 1',3,593,'Second',3),('IS 335B','Practicum 2',6,593,'Short',3),('IS 411','Enterprise Architecture',3,3,'First',4),('IS 412','Deployment, Maintenance and Services',3,3,'First',4),('IS 413','Software Engineering',3,3,'First',4),('IS 414','Analysis and Evaluation of Business Performan',3,3,'First',4),('IS 415','Capstone Project 1',3,3,'First',4),('IS 421','Capstone Project 2',3,593,'Second',4),('IS 422','IS Project Management and Quality System',3,593,'Second',4),('IS 423','Quality Consciousness, Habit and Processes',3,593,'Second',4),('ISE 01','Customer Relations Management',3,593,'First',3),('ISE 02','2D Drawing and Animation',3,593,'First',3),('ISE 03','3D Drawing and Animation',3,593,'First',3),('ISE 04','Interactive Media',3,593,'First',3),('ISE 05','E-Commerce',3,593,'First',3),('ISE 06','Applied Operating Systems',3,593,'First',4),('ISE 07','IT Security and Risk Managment',3,593,'First',4),('ISE 08','Information Technology Certification Review',3,593,'First',4),('ISE 09','Advanced Web Technologies',3,593,'First',4),('ISE 10','Communication of Information Technology/Techn',3,593,'First',4),('ISE 11','IT Audit and Contrls',3,593,'Second',3),('ISE 12','Operations Research',3,593,'Second',3),('ISE 13','Business Intelligence',3,593,'Second',3),('ISE 14','Economics of Infromation Processing',3,593,'Second',3),('ISE 15','Enterprise Systenms',3,593,'Second',4),('ISE 16','Supply Chain Management',3,593,'Second',4),('ISE 17','Enterprise Resource Planning',3,593,'Second',4),('ISE 18','IT Resource Planning',3,593,'Second',4),('ISE 19','Fieldtrips, Seminars and Workshops',3,593,'Second',4),('ISF 01','Human Resource Management',3,593,'First',3),('ISF 02','Foreign Language',3,593,'First',3),('ISF 03','Organizational Development',3,593,'First',4),('ISF 04','Personality Development',3,593,'First',4),('IT 001','Object Oriented Programming',3,593,'First',3),('IT 002','Artificial Intelligence',3,593,'First',3),('IT 003','Neural Networks',3,593,'First',3),('IT 004','Knowledge Base and Expert Systems',3,593,'First',3),('IT 005','Advanced Database Management Systems',3,593,'First',3),('IT 006','Robotics',3,593,'First',3),('IT 007','Distributed Systems',3,593,'Second',3),('IT 008','E-Commerce',3,593,'Second',3),('IT 009','Information Assurance and Security',3,593,'Second',3),('IT 010','Information Management Concepts and Fundament',3,593,'Second',3),('IT 011','System Integration and Architecture',3,593,'Second',3),('IT 012','Multimedia Systems',3,593,'First',4),('IT 013','Data Mining',3,593,'First',4),('IT 014','Data Warehousing',3,593,'First',4),('IT 015','Graphics Technology and Animation',3,593,'First',4),('IT 016','Games Technology',3,593,'Second',4),('IT 017','Mobile Technology',3,593,'Second',4),('IT 018','Human computer Interaction',3,593,'Second',4),('IT 019','Digital Arts',3,593,'Second',4),('IT 020','Animation',3,593,'Second',4),('IT 021','Information Technology Certification Review',3,593,'First',4),('IT 022','Programming Certification Review ',3,593,'First',4),('IT 023','Technology Cerifitication Review',3,593,'First',4),('IT 111','Information Technology Fundamentals I',2,623,'First',1),('IT 111L','Information Technology Fundamentals I (Lab)',1,623,'First',1),('IT 112','Programming Fundamentals I',2,623,'First',1),('IT 112L','Programming Fundamentals I (Lab)',1,623,'First',1),('IT 121','Information Technology Fundamentals II',2,623,'Second',1),('IT 121L','Information Technology Fundamentals II (Lab)',1,623,'Second',1),('IT 122','Programming Fundamentals II',2,623,'Second',1),('IT 122L','Programming Fundamentals II (Lab)',1,623,'Second',1),('IT 131','Computer Architecture',2,623,'Short',1),('IT 131L','Computer Architecture (Lab)',1,623,'Short',1),('IT 132','Information System Fundamentals',3,623,'Short',1),('IT 211','Data Structures with Algorithm Development',2,623,'First',2),('IT 211L','Data Structures with Algorithm Development (L',1,623,'First',2),('IT 212','Discrete Mathematics',3,593,'Short',2),('IT 221','Operating Systems',2,623,'Second',2),('IT 221L','Operating Systems (Lab)',1,623,'Second',2),('IT 311','Software Modeling and Analysis',3,593,'First',3),('IT 311A','E-Commerce',3,593,'First',3),('IT 311B','Human Computer Interaction',3,593,'First',3),('IT 312','Programming Applications (Lec)',2,623,'First',3),('IT 312L','Programming Applications (Lab)',1,623,'First',3),('IT 314','Database Management Systems (Lec)',2,623,'First',3),('IT 314L','Database Management Systems (Lab)',1,623,'First',3),('IT 315','Financial Systems',3,593,'First',3),('IT 321B','Data Warehousing',3,593,'First',3),('IT 322','Network Technology with Administration and Ma',2,623,'Second',3),('IT 322L','Network Technology with Administration and Ma',1,623,'Second',3),('IT 323','Integrative Programming and Technologies (Lec',2,623,'Second',3),('IT 323L','Integrative Programming and Technologies (Lab',1,623,'Second',3),('IT 324','Web Systems and Technologies (Lec)',2,623,'Second',3),('IT 324L','Web Systems and Technologies (Lab)',1,623,'Second',3),('IT 325N','Software Engineering Fundamentals',3,593,'First',4),('IT 411',' IT Project I',3,593,'First',4),('IT 411A','Introduction to Neural Networks',3,593,'Second',4),('IT 411B','Advanced Database Management Systems',3,593,'Second',4),('IT 412','Practicum',3,593,'Second',3),('IT 412a','Practicum 1',3,593,'Second',3),('IT 412b','Practicum 2',6,593,'Short',3),('IT 413','Software Engineering',3,593,'First',4),('IT 421','IT Project II',3,593,'Second',4),('IT 421A','Advance Software Engineering',3,593,'First',3),('IT 421B','IT Organization Management',3,593,'Second',3),('IT 422','Social and Professional Issues in Information',3,593,'First',4),('IT 423','Information Systems Planning / Information Re',3,593,'Second',4),('IT 424','Field Trips and Seminars',3,593,'First',4),('ITF 001','Foreign Language',3,593,'Second',3),('ITF 002','Personality Development',3,593,'Second',3),('ITF 003','Video Production and Editing',3,593,'Second',4),('ITF 004','Technology Presentation and Communication',3,593,'Second',4),('LIS 111','Intro to Library and Info Science',3,593,'First',1),('LIS 121','Info Sources and Sevices',3,593,'Second',1),('LIS 123','Collection Management',3,593,'Second',2),('LIS 123A','Specilaization in Collection Management',3,593,'Second',2),('LIS 131','Library and Information Managment',3,593,'Short',1),('LIS 131A','Specialization in Library and Information Man',3,593,'Second',3),('LIS 211','Organization of Info Sources I',3,593,'First',2),('LIS 211A','Specialization in Organization of info Source',3,593,'First',3),('LIS 213','Information Technology',3,593,'Second',1),('LIS 214','Filipiana with Emphasis on Local Collection',3,593,'First',3),('LIS 221','Organization of Info Sources II',3,593,'Second',2),('LIS 222','Info Sources and Services II',3,593,'First',2),('LIS 222A','Specialization in info Sources and Services',3,593,'First',3),('LIS 223','Information Technology II',3,593,'First',2),('LIS 223A','Specialization in Information Technology',3,593,'Second',3),('LIS 231','Academics Libraries with Field Trips',3,593,'Short',2),('LIS 311','Indexing and Abstracting',3,593,'Second',2),('LIS 311A','Fundamentals of E-Commerce',3,593,'First',3),('LIS 311C','Specialization in indexing and Abstracting',3,593,'First',3),('LIS 312','Archice Management',3,593,'Second',3),('LIS 313','Public Libraries with Field Trips',3,593,'Short',3),('LIS 314','Records Management',3,593,'Second',3),('LIS 315','Library and Information Sciences Ethics',3,593,'First',3),('LIS 316','Medical Librarian',3,593,'First',3),('LIS 317','Law Librarianship',3,593,'First',3),('LIS 319','Special Materials (with Projects)',3,593,'First',3),('LIS 321','Special Libraries',3,593,'Short',3),('LIS 321A','Knowledge Management',3,593,'First',3),('LIS 321B','Systems Analysis and Design',3,593,'Second',3),('LIS 322','School Library Media Centers',3,593,'First',4),('LIS 322A','Special Topics in Library Information Systems',3,593,'Second',4),('LIS 323','Research Methods',3,593,'Second',3),('LIS 324','Library Database Management',3,593,'Second',4),('LIS 325','Human Computer Interaction',3,593,'First',3),('LIS 326','Office Information Systems',3,593,'Second',3),('LIS 327','Library Literatures for Children and Yound Ad',3,593,'First',3),('LIS 332','Storytelling',3,593,'Second',3),('LIS 333','Music and Sound as Information',3,593,'First',4),('LIS 411','Library Practicum 1',9,593,'First',4),('LIS 421','Library Practicum II',9,593,'Second',4),('LIS E01','Archiving and Digitizing',3,593,'First',3),('LIS E02','Foreign Language',3,593,'First',3),('LIS E03','Multimedia Design and Production',3,593,'First',4),('LIS E04','Promotions and Libraries',3,593,'First',4),('LIS E05','Web Information System',3,593,'Second',3),('LIS E06','Wolrd Librarianship',3,593,'Second',4),('Litt 1','The Literature of the Philippines',3,593,'Short',1),('Litt 2','The Literature of the World',3,593,'Short',2),('Math 13','Theory of Equations',3,593,'First',3),('Math 14','Linear Algebra',3,593,'First',3),('Math 16','Operations Research 1',3,593,'Second',3),('Math 17','Operations Research II',3,593,'First',4),('Math 18','Numerical Methods',3,593,'Second',4),('Math 19','Set Theory and Logic',3,593,'Second',3),('Math 1A','College Algebra',3,593,'First',1),('Math 1B','College Algebra',5,593,'First',1),('Math 21','Mathematics of Investment',3,593,'First',3),('Math 22','Real Analysis',3,593,'First',3),('Math 23','Number Theory',3,593,'First',4),('Math 24','Abstract Algebra',3,593,'Second',3),('Math 26','Graph Theory',3,593,'First',4),('Math 27','Vector Analysis',3,593,'Second',4),('Math 28','Complex Analysis',3,593,'Second',4),('Math 29','Modern Geometry',3,593,'Second',3),('Math 2A','Plane and Spherical Trigonometry',3,593,'First',3),('Math 30','Combinatorics',3,593,'Second',4),('Math 3B','Analytic Geometry',4,593,'Second',3),('Math 3D','Plane and Solid Geometry with Mensuration',5,593,'Second',3),('Math 4','Mathematical Analysis for Business',3,593,'First',4),('Math 4A','Differential Calculus',3,593,'First',4),('Math 4C','Mathematical Analysis for Business',3,593,'Second',1),('MATH 5A','Integral Calculus',4,593,'Second',3),('Math 6A','Differential Equaions',3,593,'Second',3),('Math 7','Basic Statistics',3,593,'First',3),('Math 7A','Fundamentals of Probability and Statistics',3,593,'Second',4),('Math 7aN','Fundamentals of Probability and Statistics',3,593,'First',4),('Math 8','Basic Mathematics',3,593,'Second',2),('Math 8A','Abstract Algebra',3,593,'Second',3),('Math 9','History and Foundations of Mathematics',3,593,'Second',3),('Math Ed 1','Observation and Participation',3,593,'First',3),('Math Ed 2','Practicum',3,593,'Second',3),('Math Res 1','Research 1',3,593,'First',4),('Math Res 2','Research 2',3,593,'Second',4),('Mgmt 1','Principles of Organization and Management',3,593,'First',2),('Mgmt 2','Strategic Management',3,593,'Second',3),('Mgmt 3','Quality Management',3,593,'Second',4),('Mgmt 4','Production and Operations Management',3,593,'Second',4),('Nat Sc 1','Intro to Biological Science',3,593,'First',1),('Nat Sc 2','Intro to Physical Science',3,593,'First',2),('NSTP-CWTS 1','National Service Training Program I',3,593,'Short',3),('NSTP-CWTS 2','National Service Training Program II',3,593,'Short',2),('NSTP-WTS 1','National Service Training Program I',3,593,'Short',1),('PE 1','Physical Fitness',2,593,'First',1),('PE 2','Rhythmic Activities',2,593,'Second',1),('PE 3','Individual / Dual Sports and Games',2,593,'First',2),('PE 4','Team Sports and Games',2,593,'Second',2),('Philos 1','Logic',3,593,'Second',1),('Philos 2','Ethics',3,593,'First',2),('Phys 1A','College Physics I (Lec)',3,593,'Second',2),('Phys 1AL','College Physics I (Lab)',1,593,'Second',2),('Phys 2A','College Physics 2 (Lec)',3,593,'Second',2),('Phys 2AL','College Physics 2 (Lab)',1,593,'Second',2),('Phys 2B','Electromagnetism and Electricity',3,593,'Short',2),('Polit Sc 1N','Politics and Governance with Philippine Const',3,593,'Second',4),('Psycho 1','General Psychology with Drug Prevention',3,593,'Second',2),('Research 1','CS Thesis I',3,593,'First',4),('Research 2','CS Thesis II',3,593,'Second',4),('Socio 1','Society and Culture with Family Planning',3,593,'First',2),('Stat 1','Statistics 1',3,593,'First',1),('Stat 2','Statistics 2',3,593,'Second',2),('Theo 1','I Believe',3,593,'First',1),('Theo 2','Believing into Discipleship',3,593,'Second',1),('Theo 3','Discipleship in Community',3,593,'First',2),('Theo 4','Living Like Jesus',3,593,'Second',2);
/*!40000 ALTER TABLE `course` ENABLE KEYS */;
UNLOCK TABLES;

--
-- Table structure for table `coursedetails`
--

DROP TABLE IF EXISTS `coursedetails`;
/*!40101 SET @saved_cs_client     = @@character_set_client */;
/*!40101 SET character_set_client = utf8 */;
CREATE TABLE `coursedetails` (
  `courseno` varchar(45) NOT NULL,
  `schoolid` varchar(45) NOT NULL,
  PRIMARY KEY (`courseno`,`schoolid`),
  KEY `fk_coursedetails_schoolid_idx` (`schoolid`),
  CONSTRAINT `fk_coursedetails_courseno` FOREIGN KEY (`courseno`) REFERENCES `course` (`courseno`) ON DELETE NO ACTION ON UPDATE NO ACTION,
  CONSTRAINT `fk_coursedetails_schoolid` FOREIGN KEY (`schoolid`) REFERENCES `school` (`schoolid`) ON DELETE NO ACTION ON UPDATE NO ACTION
) ENGINE=InnoDB DEFAULT CHARSET=latin1;
/*!40101 SET character_set_client = @saved_cs_client */;

--
-- Dumping data for table `coursedetails`
--

LOCK TABLES `coursedetails` WRITE;
/*!40000 ALTER TABLE `coursedetails` DISABLE KEYS */;
INSERT INTO `coursedetails` VALUES ('Calc 1','SCIS'),('Calc 2','SCIS'),('Calc 3','SCIS'),('Chem 1A ','SCIS'),('Chem 1AL','SCIS'),('Chem 2A','SCIS'),('Chem 2AL','SCIS'),('Comp 1','SCIS'),('Comp 2','SCIS'),('Comp 3','SCIS'),('Comp 4','SCIS'),('Comp 4A','SCIS'),('CS 311A','SCIS'),('CS 311B','SCIS'),('CS 321a','SCIS'),('CS 321B','SCIS'),('CS 321C','SCIS'),('CS 321d','SCIS'),('CS 322','SCIS'),('CS 411A','SCIS'),('CS 411B','SCIS'),('CS 411C','SCIS'),('CS 412','SCIS'),('CS 421A','SCIS'),('CS 421B','SCIS'),('CS 421C','SCIS'),('CS 422','SCIS'),('CS 422A','SCIS'),('CS 422B','SCIS'),('Ecol 1A','SCIS'),('Econ 1','SCIS'),('Econ 2','SCIS'),('EDUC 102A','SCIS'),('EDUC 104A','SCIS'),('EDUC 105','SCIS'),('EDUC 107','SCIS'),('EDUC 109','SCIS'),('EDUC 112','SCIS'),('Educ 3','SCIS'),('Educ 3a','SCIS'),('Engl 1','SCIS'),('Engl 2','SCIS'),('Engl 26A','SCIS'),('Engl 4','SCIS'),('Engl 4A','SCIS'),('Engl 7','SCIS'),('Fil 1','SCIS'),('Fil 2','SCIS'),('Fil 3','SCIS'),('Hist 1','SCIS'),('Hist 2','SCIS'),('Hum 1a','SCIS'),('ICS 111','SCIS'),('ICS 111L','SCIS'),('ICS 112','SCIS'),('ICS 112L','SCIS'),('ICS 121','SCIS'),('ICS 121L','SCIS'),('ICS 122','SCIS'),('ICS 122L','SCIS'),('ICS 211','SCIS'),('ICS 211L','SCIS'),('ICS 221','SCIS'),('ICS 222','SCIS'),('ICS 222L','SCIS'),('ICS 311','SCIS'),('ICS 311A','SCIS'),('ICS 311L','SCIS'),('ICS 312','SCIS'),('ICS 312L','SCIS'),('ICS 313','SCIS'),('ICS 321','SCIS'),('ICS 321L','SCIS'),('ICS 322','SCIS'),('ICS 322L','SCIS'),('ICS 411','SCIS'),('ICS 411A','SCIS'),('ICS 411B','SCIS'),('ICS 421A','SCIS'),('ICS 421B','SCIS'),('IS 111','SCIS'),('IS 112','SCIS'),('IS 112L','SCIS'),('IS 121','SCIS'),('IS 121L','SCIS'),('IS 122','SCIS'),('IS 122L','SCIS'),('IS 131','SCIS'),('IS 211','SCIS'),('IS 211L','SCIS'),('IS 212','SCIS'),('IS 221','SCIS'),('IS 222','SCIS'),('IS 231','SCIS'),('IS 231L','SCIS'),('IS 311','SCIS'),('IS 311L','SCIS'),('IS 312','SCIS'),('IS 313','SCIS'),('IS 314','SCIS'),('IS 321','SCIS'),('IS 321L','SCIS'),('IS 322','SCIS'),('IS 323','SCIS'),('IS 323L','SCIS'),('IS 324','SCIS'),('IS 325A','SCIS'),('IS 335B','SCIS'),('IS 411','SCIS'),('IS 412','SCIS'),('IS 413','SCIS'),('IS 414','SCIS'),('IS 415','SCIS'),('IS 421','SCIS'),('IS 422','SCIS'),('IS 423','SCIS'),('ISE 01','SCIS'),('ISE 02','SCIS'),('ISE 03','SCIS'),('ISE 04','SCIS'),('ISE 05','SCIS'),('ISE 06','SCIS'),('ISE 07','SCIS'),('ISE 08','SCIS'),('ISE 09','SCIS'),('ISE 10','SCIS'),('ISE 11','SCIS'),('ISE 12','SCIS'),('ISE 13','SCIS'),('ISE 14','SCIS'),('ISE 15','SCIS'),('ISE 16','SCIS'),('ISE 17','SCIS'),('ISE 18','SCIS'),('ISE 19','SCIS'),('ISF 01','SCIS'),('ISF 02','SCIS'),('ISF 03','SCIS'),('ISF 04','SCIS'),('IT 001','SCIS'),('IT 002','SCIS'),('IT 003','SCIS'),('IT 004','SCIS'),('IT 005','SCIS'),('IT 006','SCIS'),('IT 007','SCIS'),('IT 008','SCIS'),('IT 009','SCIS'),('IT 010','SCIS'),('IT 011','SCIS'),('IT 012','SCIS'),('IT 013','SCIS'),('IT 014','SCIS'),('IT 015','SCIS'),('IT 016','SCIS'),('IT 017','SCIS'),('IT 018','SCIS'),('IT 019','SCIS'),('IT 020','SCIS'),('IT 021','SCIS'),('IT 022','SCIS'),('IT 023','SCIS'),('IT 111','SCIS'),('IT 111L','SCIS'),('IT 112','SCIS'),('IT 112L','SCIS'),('IT 121','SCIS'),('IT 121L','SCIS'),('IT 122','SCIS'),('IT 122L','SCIS'),('IT 131','SCIS'),('IT 131L','SCIS'),('IT 132','SCIS'),('IT 211','SCIS'),('IT 211L','SCIS'),('IT 212','SCIS'),('IT 221','SCIS'),('IT 221L','SCIS'),('IT 311','SCIS'),('IT 311A','SCIS'),('IT 311B','SCIS'),('IT 312','SCIS'),('IT 312L','SCIS'),('IT 314','SCIS'),('IT 314L','SCIS'),('IT 315','SCIS'),('IT 321B','SCIS'),('IT 322','SCIS'),('IT 322L','SCIS'),('IT 323','SCIS'),('IT 323L','SCIS'),('IT 324','SCIS'),('IT 324L','SCIS'),('IT 325N','SCIS'),('IT 411','SCIS'),('IT 411A','SCIS'),('IT 411B','SCIS'),('IT 412','SCIS'),('IT 412a','SCIS'),('IT 412b','SCIS'),('IT 413','SCIS'),('IT 421','SCIS'),('IT 421A','SCIS'),('IT 421B','SCIS'),('IT 422','SCIS'),('IT 423','SCIS'),('IT 424','SCIS'),('ITF 001','SCIS'),('ITF 002','SCIS'),('ITF 003','SCIS'),('ITF 004','SCIS'),('LIS 111','SCIS'),('LIS 121','SCIS'),('LIS 123','SCIS'),('LIS 123A','SCIS'),('LIS 131','SCIS'),('LIS 131A','SCIS'),('LIS 211','SCIS'),('LIS 211A','SCIS'),('LIS 213','SCIS'),('LIS 214','SCIS'),('LIS 221','SCIS'),('LIS 222','SCIS'),('LIS 222A','SCIS'),('LIS 223','SCIS'),('LIS 223A','SCIS'),('LIS 231','SCIS'),('LIS 311','SCIS'),('LIS 311A','SCIS'),('LIS 311C','SCIS'),('LIS 312','SCIS'),('LIS 313','SCIS'),('LIS 314','SCIS'),('LIS 315','SCIS'),('LIS 316','SCIS'),('LIS 317','SCIS'),('LIS 319','SCIS'),('LIS 321','SCIS'),('LIS 321A','SCIS'),('LIS 321B','SCIS'),('LIS 322','SCIS'),('LIS 322A','SCIS'),('LIS 323','SCIS'),('LIS 324','SCIS'),('LIS 325','SCIS'),('LIS 326','SCIS'),('LIS 327','SCIS'),('LIS 332','SCIS'),('LIS 333','SCIS'),('LIS 411','SCIS'),('LIS 421','SCIS'),('LIS E01','SCIS'),('LIS E02','SCIS'),('LIS E03','SCIS'),('LIS E04','SCIS'),('LIS E05','SCIS'),('LIS E06','SCIS'),('Litt 1','SCIS'),('Litt 2','SCIS'),('Math 13','SCIS'),('Math 14','SCIS'),('Math 16','SCIS'),('Math 17','SCIS'),('Math 18','SCIS'),('Math 19','SCIS'),('Math 1A','SCIS'),('Math 1B','SCIS'),('Math 21','SCIS'),('Math 22','SCIS'),('Math 23','SCIS'),('Math 24','SCIS'),('Math 26','SCIS'),('Math 27','SCIS'),('Math 28','SCIS'),('Math 29','SCIS'),('Math 2A','SCIS'),('Math 30','SCIS'),('Math 3B','SCIS'),('Math 3D','SCIS'),('Math 4','SCIS'),('Math 4A','SCIS'),('Math 4C','SCIS'),('MATH 5A','SCIS'),('Math 6A','SCIS'),('Math 7','SCIS'),('Math 7A','SCIS'),('Math 7aN','SCIS'),('Math 8','SCIS'),('Math 8A','SCIS'),('Math 9','SCIS'),('Math Ed 1','SCIS'),('Math Ed 2','SCIS'),('Math Res 1','SCIS'),('Math Res 2','SCIS'),('Mgmt 1','SCIS'),('Mgmt 2','SCIS'),('Mgmt 3','SCIS'),('Mgmt 4','SCIS'),('Nat Sc 1','SCIS'),('Nat Sc 2','SCIS'),('NSTP-CWTS 1','SCIS'),('NSTP-CWTS 2','SCIS'),('NSTP-WTS 1','SCIS'),('PE 1','SCIS'),('PE 2','SCIS'),('PE 3','SCIS'),('PE 4','SCIS'),('Philos 1','SCIS'),('Philos 2','SCIS'),('Phys 1A','SCIS'),('Phys 1AL','SCIS'),('Phys 2A','SCIS'),('Phys 2AL','SCIS'),('Phys 2B','SCIS'),('Polit Sc 1N','SCIS'),('Psycho 1','SCIS'),('Research 1','SCIS'),('Research 2','SCIS'),('Socio 1','SCIS'),('Stat 1','SCIS'),('Stat 2','SCIS'),('Theo 1','SCIS'),('Theo 2','SCIS'),('Theo 3','SCIS'),('Theo 4','SCIS');
/*!40000 ALTER TABLE `coursedetails` ENABLE KEYS */;
UNLOCK TABLES;

--
-- Table structure for table `department`
--

DROP TABLE IF EXISTS `department`;
/*!40101 SET @saved_cs_client     = @@character_set_client */;
/*!40101 SET character_set_client = utf8 */;
CREATE TABLE `department` (
  `depid` varchar(45) NOT NULL,
  `depname` varchar(45) NOT NULL,
  `schoolid` varchar(45) DEFAULT NULL,
  PRIMARY KEY (`depid`),
  KEY `fk_department_schoolid_idx` (`schoolid`),
  CONSTRAINT `fk_department_schoolid` FOREIGN KEY (`schoolid`) REFERENCES `school` (`schoolid`) ON DELETE NO ACTION ON UPDATE NO ACTION
) ENGINE=InnoDB DEFAULT CHARSET=latin1;
/*!40101 SET character_set_client = @saved_cs_client */;

--
-- Dumping data for table `department`
--

LOCK TABLES `department` WRITE;
/*!40000 ALTER TABLE `department` DISABLE KEYS */;
INSERT INTO `department` VALUES ('AAT','Associate in Accounting Technology','SABM'),('BA COM','Bachelor of Arts in Communication','SOH'),('BA ENGL','Bachelor of Arts in English','SOH'),('BA LS','Bachelor of Arts in Legal Studies','SOH'),('BA PIS','Bachelor of Arts in Philosophy and Interdisci','SOH'),('BA POLIT SC','Bachelor of Arts in Political Science','SOH'),('BARVS','Bachelor of Arts in Religious and Values Stud','SOH'),('BEED GEN ED','Bachelor of Elementary Educ with specializati','STE'),('BEED PRE SCHL','Bachelor of Elementary Educ with specializati','STE'),('BEED SPED','Bachelor of Elementary Educ with specializati','STE'),('BEED THE','Bachelor of Elementary Educ major in Tech and','STE'),('BEED VAL','Bachelor of Elementary Educ major in Values E','STE'),('BLIS','Bachelor of Library and Information Science','SCIS'),('BMLS','Bachelor in Medical Laboratory Science','SNS'),('BS ARCH','Bachelor of Science in Architecture','SEA'),('BS BIOL','Bachelor of Science in Biology','SNS'),('BS Entrep','Bachelor of Science in Entrepreneurship','SABM'),('BS MATH','Bachelor of Science in Mathematics','SCIS'),('BS PHARM','Bachelor of Science in Pharmacy','SNS'),('BS PSYCH','Bachelor of Science in Psychology','SOH'),('BS S WK','Bachelor of Science in Social Work','SOH'),('BSAc','Bachelor of Science in Accountancy','SABM'),('BSBA Bus Econ','Bachelor of Science in Business Administratio','SABM'),('BSBA Finman','Bachelor of Science in Business Administratio','SABM'),('BSBA HRDM','Bachelor of Science in Business Administratio','SABM'),('BSBA Mktg','Bachelor of Science in Business Administratio','SABM'),('BSCE','Bachelor of Science in Civil Engineering','SEA'),('BSCHE','Bachelor of Science in Chemical Engineering','SEA'),('BSCS','Bachelor of Science in Computer Science','SCIS'),('BSECE','Bachelor of Science in Electronics Engineerin','SEA'),('BSED BIOL SCI','Bachelor of Secondary Educ major in Biologica','STE'),('BSED ENGL','Bachelor of Secondary Educ major in English','STE'),('BSED FIL','Bachelor of Secondary Educ major in Filipino','STE'),('BSED MAPEH','Bachelor of Secondary Educ major in Music, Ar','STE'),('BSED MAT','Bachelor of Secondary Educ major in Mathemati','STE'),('BSED PHYS SCI','Bachelor of Secondary Educ major in Physical ','STE'),('BSED SS','Bachelor of Secondary Educ major in Social St','STE'),('BSEE','Bachelor of Science in Electrical Engineering','SEA'),('BSEM','Bachelor of Science in Mining Engineering','SEA'),('BSGE','Bachelor of Science in Geodetic Engineering','SEA'),('BSHTM HRRM','Bachelor of Science in Hospitality And Touris','SABM'),('BSHTM TTM','Bachelor of Science in Hospitality and Touris','SABM'),('BSIE','Bachelor of Science in Industrial Engineering','SEA'),('BSIS','Bachelor of Science in Information Science','SCIS'),('BSIT','Bachelor of Science in Information Technology','SCIS'),('BSMA','Bachelor of Science in Managment Accounting','SABM'),('BSME','Bachelor of Science in Mechanical Engineering','SEA'),('BSMecE','Bachelor of Science in Mechatronics Engineeri','SEA'),('BSN','Bachelor of Science in Nursing','SON'),('BSRT','Bachelor of Science in Radiologic Tech','SNS'),('LLB','Bachelor of Law',NULL),('MD','Doctor of Medicine',NULL);
/*!40000 ALTER TABLE `department` ENABLE KEYS */;
UNLOCK TABLES;

--
-- Table structure for table `employee`
--

DROP TABLE IF EXISTS `employee`;
/*!40101 SET @saved_cs_client     = @@character_set_client */;
/*!40101 SET character_set_client = utf8 */;
CREATE TABLE `employee` (
  `employee_id` varchar(50) NOT NULL,
  `password` varchar(150) NOT NULL,
  `department` varchar(50) DEFAULT NULL,
  PRIMARY KEY (`employee_id`)
) ENGINE=InnoDB DEFAULT CHARSET=latin1;
/*!40101 SET character_set_client = @saved_cs_client */;

--
-- Dumping data for table `employee`
--

LOCK TABLES `employee` WRITE;
/*!40000 ALTER TABLE `employee` DISABLE KEYS */;
INSERT INTO `employee` VALUES ('2100907','belthazod',NULL);
/*!40000 ALTER TABLE `employee` ENABLE KEYS */;
UNLOCK TABLES;

--
-- Table structure for table `enrollment`
--

DROP TABLE IF EXISTS `enrollment`;
/*!40101 SET @saved_cs_client     = @@character_set_client */;
/*!40101 SET character_set_client = utf8 */;
CREATE TABLE `enrollment` (
  `enrolid` int(11) NOT NULL,
  `date` date NOT NULL,
  `time` time NOT NULL,
  `validuntil` date NOT NULL,
  `idno` int(11) NOT NULL,
  `downpayment` double NOT NULL,
  `totalfee` double NOT NULL,
  PRIMARY KEY (`enrolid`),
  KEY `idno_idx` (`idno`),
  CONSTRAINT `idno` FOREIGN KEY (`idno`) REFERENCES `student` (`idno`) ON DELETE NO ACTION ON UPDATE NO ACTION
) ENGINE=InnoDB DEFAULT CHARSET=latin1;
/*!40101 SET character_set_client = @saved_cs_client */;

--
-- Dumping data for table `enrollment`
--

LOCK TABLES `enrollment` WRITE;
/*!40000 ALTER TABLE `enrollment` DISABLE KEYS */;
INSERT INTO `enrollment` VALUES (1,'2015-05-04','08:00:00','2015-05-06',2110005,5000,15000);
/*!40000 ALTER TABLE `enrollment` ENABLE KEYS */;
UNLOCK TABLES;

--
-- Table structure for table `enrollmentdetails`
--

DROP TABLE IF EXISTS `enrollmentdetails`;
/*!40101 SET @saved_cs_client     = @@character_set_client */;
/*!40101 SET character_set_client = utf8 */;
CREATE TABLE `enrollmentdetails` (
  `enrolid` int(11) NOT NULL,
  `classcode` int(11) NOT NULL,
  PRIMARY KEY (`enrolid`,`classcode`),
  KEY `fk_ed_classcode_idx` (`classcode`),
  CONSTRAINT `fk_ed_classcode` FOREIGN KEY (`classcode`) REFERENCES `class` (`classcode`) ON DELETE NO ACTION ON UPDATE NO ACTION,
  CONSTRAINT `fk_ed_enrolid` FOREIGN KEY (`enrolid`) REFERENCES `enrollment` (`enrolid`) ON DELETE NO ACTION ON UPDATE NO ACTION
) ENGINE=InnoDB DEFAULT CHARSET=latin1;
/*!40101 SET character_set_client = @saved_cs_client */;

--
-- Dumping data for table `enrollmentdetails`
--

LOCK TABLES `enrollmentdetails` WRITE;
/*!40000 ALTER TABLE `enrollmentdetails` DISABLE KEYS */;
INSERT INTO `enrollmentdetails` VALUES (1,9367),(1,9616),(1,9644);
/*!40000 ALTER TABLE `enrollmentdetails` ENABLE KEYS */;
UNLOCK TABLES;

--
-- Table structure for table `grade`
--

DROP TABLE IF EXISTS `grade`;
/*!40101 SET @saved_cs_client     = @@character_set_client */;
/*!40101 SET character_set_client = utf8 */;
CREATE TABLE `grade` (
  `idno` int(11) NOT NULL,
  `classcode` varchar(45) DEFAULT NULL,
  `courseno` varchar(45) DEFAULT NULL,
  `semester` varchar(45) DEFAULT NULL,
  `schoolyear` varchar(45) DEFAULT NULL,
  `finalgrade` varchar(45) DEFAULT NULL,
  PRIMARY KEY (`idno`)
) ENGINE=InnoDB DEFAULT CHARSET=latin1;
/*!40101 SET character_set_client = @saved_cs_client */;

--
-- Dumping data for table `grade`
--

LOCK TABLES `grade` WRITE;
/*!40000 ALTER TABLE `grade` DISABLE KEYS */;
/*!40000 ALTER TABLE `grade` ENABLE KEYS */;
UNLOCK TABLES;

--
-- Table structure for table `payment`
--

DROP TABLE IF EXISTS `payment`;
/*!40101 SET @saved_cs_client     = @@character_set_client */;
/*!40101 SET character_set_client = utf8 */;
CREATE TABLE `payment` (
  `orno` varchar(45) NOT NULL,
  `date` varchar(45) NOT NULL,
  `time` varchar(45) NOT NULL,
  `amount` varchar(45) NOT NULL,
  `idno` int(11) NOT NULL,
  `method` enum('PAYPAL','BANK','CREDITCARD') NOT NULL,
  PRIMARY KEY (`orno`),
  KEY `idno_idx` (`idno`),
  CONSTRAINT `idno_payment` FOREIGN KEY (`idno`) REFERENCES `student` (`idno`) ON DELETE NO ACTION ON UPDATE NO ACTION
) ENGINE=InnoDB DEFAULT CHARSET=latin1;
/*!40101 SET character_set_client = @saved_cs_client */;

--
-- Dumping data for table `payment`
--

LOCK TABLES `payment` WRITE;
/*!40000 ALTER TABLE `payment` DISABLE KEYS */;
/*!40000 ALTER TABLE `payment` ENABLE KEYS */;
UNLOCK TABLES;

--
-- Table structure for table `schedule`
--

DROP TABLE IF EXISTS `schedule`;
/*!40101 SET @saved_cs_client     = @@character_set_client */;
/*!40101 SET character_set_client = utf8 */;
CREATE TABLE `schedule` (
  `scheduleid` int(11) NOT NULL,
  `classcode` int(11) NOT NULL,
  PRIMARY KEY (`scheduleid`),
  KEY `cc_fk_idx` (`classcode`),
  CONSTRAINT `cc_fk` FOREIGN KEY (`classcode`) REFERENCES `class` (`classcode`) ON DELETE NO ACTION ON UPDATE NO ACTION
) ENGINE=InnoDB DEFAULT CHARSET=latin1;
/*!40101 SET character_set_client = @saved_cs_client */;

--
-- Dumping data for table `schedule`
--

LOCK TABLES `schedule` WRITE;
/*!40000 ALTER TABLE `schedule` DISABLE KEYS */;
/*!40000 ALTER TABLE `schedule` ENABLE KEYS */;
UNLOCK TABLES;

--
-- Table structure for table `school`
--

DROP TABLE IF EXISTS `school`;
/*!40101 SET @saved_cs_client     = @@character_set_client */;
/*!40101 SET character_set_client = utf8 */;
CREATE TABLE `school` (
  `schoolid` varchar(45) NOT NULL,
  `schoolname` varchar(45) NOT NULL,
  PRIMARY KEY (`schoolid`)
) ENGINE=InnoDB DEFAULT CHARSET=latin1;
/*!40101 SET character_set_client = @saved_cs_client */;

--
-- Dumping data for table `school`
--

LOCK TABLES `school` WRITE;
/*!40000 ALTER TABLE `school` DISABLE KEYS */;
INSERT INTO `school` VALUES ('SABM','School of Accountancy and Business Management'),('SCIS','School of Computing and Information Sciences '),('SEA','School of Engineering and Architecture'),('SNS','School of Natural Sciences'),('SOH','School of Humanities'),('SOL','School of Law'),('SOM','School of Medicine'),('SON','School of Nursing'),('STE','School of Teacher Education');
/*!40000 ALTER TABLE `school` ENABLE KEYS */;
UNLOCK TABLES;

--
-- Table structure for table `student`
--

DROP TABLE IF EXISTS `student`;
/*!40101 SET @saved_cs_client     = @@character_set_client */;
/*!40101 SET character_set_client = utf8 */;
CREATE TABLE `student` (
  `image` blob,
  `idno` int(11) NOT NULL,
  `password` varchar(45) NOT NULL,
  `lastname` varchar(45) NOT NULL,
  `firstname` varchar(45) NOT NULL,
  `course` varchar(45) NOT NULL,
  `year` int(11) NOT NULL,
  `gender` enum('M','F') NOT NULL,
  `baguio_address` varchar(45) NOT NULL,
  `home_address` varchar(45) DEFAULT NULL,
  `last_school_attended` varchar(45) DEFAULT NULL,
  `citizenship` varchar(45) DEFAULT 'Filipino',
  `nationality` varchar(45) DEFAULT 'Filipino',
  `father_name` varchar(45) DEFAULT NULL,
  `father_contact` varchar(45) DEFAULT NULL,
  `father_occupation` varchar(45) DEFAULT NULL,
  `mother_name` varchar(45) DEFAULT NULL,
  `mother_contact` varchar(45) DEFAULT NULL,
  `mother_occupation` varchar(45) DEFAULT NULL,
  `civilstatus` varchar(45) DEFAULT 'Single',
  `religion` varchar(45) DEFAULT NULL,
  `guardian_name` varchar(45) DEFAULT NULL,
  `guardian_contact` varchar(45) DEFAULT NULL,
  `guardian_relationship` varchar(45) DEFAULT NULL,
  `guardian_address` varchar(45) DEFAULT NULL,
  `maxunits` int(11) DEFAULT NULL,
  `schedule` int(11) DEFAULT '0',
  PRIMARY KEY (`idno`)
) ENGINE=InnoDB DEFAULT CHARSET=latin1;
/*!40101 SET character_set_client = @saved_cs_client */;

--
-- Dumping data for table `student`
--

LOCK TABLES `student` WRITE;
/*!40000 ALTER TABLE `student` DISABLE KEYS */;
INSERT INTO `student` VALUES ('PNG\r\n\Z\n\0\0\0\rIHDR\0\0\0\0\0{\0\0\0徦G\0\0\0	pHYs\0\0.#\0\0.#x?v\0\0\nOiCCPPhotoshop ICC profile\0\0xڝSgTS=BKKoR RB&*!	J!QEEȠQ,\n!{kּ>H3Q5B.@\n$p\0d!s#\0~<<+\"\0x\0M0B\\t8K\0@zB\0@F&S\0\0`cb\0P-\0`\'\0{\0[!\0 eD\0h;\0VE\0X0\0fK9\0-\00IWfH\0\0\0\00Q)\0{\0`##x\0\0FW<+*\0\0x<$9E[-qWW.(I+6aa@.y24\0\0x6_-\"bbϫp@\0\0t~,/\Z;m%h^uf@\0Wp~<<EJB[aW}g_Wl~<$2]GLϒ	bG\"IbX*QqD2\"B)%d,>5\0j>{-]cK\'Xt\0\0o(hw?G%\0fIq\0\0^D$.Tʳ?\0\0D*A,`6B$BB\ndr`)B(Ͱ*`/@4Qhp.U=pa(	Aa!ڈbX#!H$ ɈQ\"K5H1RT UH=r9\\F;\02G1Q=C7\ZFdt1r\Z=6Ыhڏ>C03l0.B8,	c˱\"\ZVcϱwE	6wB aAHXLXNH $4	7	Q\'\"K&b21XH,#/{C7$C2\'ITFnR#,4H\Z#dk9, +ȅ3![\nb@qS(RjJ4e2AURݨT5ZBRQ4u9̓IK\ZhhitݕNWGw\rǈg(gwLӋT071oUX**|\nJ&*/TުUUT^S}FU3S	ԖUPSSg;goT?~YYLOCQ_ cx,!k\ru5&|v*=9C3J3WRf?qtN	(~))4L1e\\kXHQG6EYAJ\'\\\'GgSSݧ\nM=:.kDwn^Loy}/TmGX$<5qo</QC]@Caaᄑ<FFi\\$mmƣ&&!&KMMRM);L;L֙͢5=12כ߷`ZxZ,eIZYnZ9YXUZ]F%ֻNNgðɶۮm}agbgŮ}}=\rZ~sr:V:ޚΜ?}/gX3)iSGggs󈋉K.>.ȽJtq]zۯ6iܟ4)Y3sCQ?0k߬~OCOg#/c/Wװwa>>r><72Y_7ȷOo_C#dz\0%gA[z|!?:eAAA!h쐭!ΑiP~aa~\'W?pX\Z15wCsDDDޛg1O9-J5*>.j<74?.fYXXIlK9.*6nl{/]py.,:@LN8A*%w%\nyg\"/6шC\\*NH*Mz쑼5y$3,幄\'L\rLݛ:v m2=:1qB!Mggfvˬen/kY-\nBTZ(*geWf͉9+̳ې7ᒶKW-X潬j9<qy\n+V<*mOW~&zMk^ʂkU\n}]OX/Yߵa>(xoʿܔĹdff-[n\rڴ\rVE/(ۻC<e;?TTTT6ݵan{4[>ɾUUMfeI?m]Nmq#׹=TR+Gw-\r6\rU#pDy	\r:v{vg/jBFS[b[O>zG4<YyJTiӓgό}~.`ۢ{cjotE;;\\tWW:_mt<Oǻ\\kz{f7y՞9=ݽzo~r\'˻w\'O_@AC݇?[jwGCˆ\r8>99?rCd&ˮ/~јѡ򗓿m|x31^VwwO| (hSЧc3-\0\0\0 cHRM\0\0z%\0\0\0\0\0\0\0\0u0\0\0`\0\0:\0\0o_F\0\0jCIDATxw#y&Twq7KrR$IڒΦM[D˒l,ss9t(KTD\n]rI.73;;1Fw}4BG`0htWSϛ-B)&L:C8L0@3a	&L0af	&L0af	4&L0af	4&L0a\0̈́	h&L0a\0̈́	h&L0@3a\0̈́	h&L0@3a	&L0@3a	&L0af	4&L0af	4&L0af	4&L0a\0̈́	h&L0a\0̈́	h&L0@3a	h&L0@3a	&L0@3a	&L0af	4&L0af	4&L0a\0̈́I\naM呝lGB682!B0\0B!BH@H\04BH\0\0!s#s\0B&A&G\"p>;ZI[l# BBV\0T{	! ͕\rT_89 \"9W	!7TCLj6w\0np턐[@HW0\0:F@\'(\nb@HM\0e eBȓ G\"Ahݛ\0p\0bΪ\nR3 M,m8k?p>XYW=ry!o+gxOٱ<:8Rj.!I.@]L0z@\0@)߾zb8t\'8\n=\0z}Z궛lUgGf.~NɃR\nJQ~F5f^@ࣄPJ#;ʉ\r a?;NUvm땄j\Z\0#/({zmbGCٛ&G\'k?Y>G_~jnPOZ\0\0M\n(R;;_dEbt2Nn7k?;g]/U2F㚖ZglJ)@RJRԩl0@lLLoӝԈWְ*sd*-Z*@6\0\ZRh;Joo28GE)(%tҋc?d*5¤~t.oRJk>sT%]̮%՞.k&@o\\a˿<(>~xl1@ϛ|`{vJ)讀j~vNf?=ϖ$\'ϜK\02݃{ߠTt\nHtP==uhmWgpܚFq}2)?{wHdnJ>t\rGuFDWyJd?lh7vR)]Jo|,1ڟ\rk_\ZҠKдw9V%~.-	<=	vإIS+]t(bI)ajGoZ{7	GUsJagG{pOe{\nk\01;n*;CWA5׺/|ƍ7|\r1?\Z}uʚ[mO~j`d%ljWgbem߹*G#d/]ReTFS-q\'؍LF5ĉ-uhO熏B\07|^gMPOܵB<=&YzI,igj\0LM3Dir C+W~\0Sno[@0S>g@nUn,n6,g{^;ԽAK7:3uSOpkntz3AԂR)ePve_H>\0ZC)\"\\%]\0%Jۍ咜tZ%=[\\U:٦SSt:<ΜbD~5 i#{J#209:Z\\j2[2FF{`C[myC\ng=wl7W)9>ڝbUVEjwKNaft\n|Ve^k_E6WmE&ا㌣lVo)R|n^\r	Hվ~Iv-٢b#ۅ_xU{;X~=oB6v\"P84ZzNЦ6Ԡ뢧:ER|;V2@w;o	+㖝?Ԕxa/L_31gUՋlxk<ϪN\0-ۤ7!z*j5+ojvUR?m%a0>4[8:J+瀘V\rިl;HsK~iz2AxHt~è$\0;K(\nrN,1՞+M5gy]uVڻy?wv.s`c?;L?u^_=z\Zb̢Uqע0]-\'lVox\r{	^=2jNj?[=o<`^ˇ	SFgƭR3\ZeBY\\j\01^Ϣ[)!\\UU]4̷	c.xuqGZuW݌4K={exBf%]b==^=qf\'	bf%(t`ϭDVYcfߡ,7x~&uupqry[_51_\'>?b^bDJ_QPκW3\ZX`(3C(p\0:r=\\XAo,v咀5iαe7GCc^ZGq!=`,aSeLaa?,\0==VQɩfODp9e(\ZXnp?0@/;\0~X\n\nnPʪCYA=߮7ܓLx#%^UΠvm/B)iI=ԭemڡ,#q9! $HQ\0<sU-kyg1l[.	4\\\\Bn8g~lmoGiH]WRJ?Y]ɬZ¦h%LT4ʠ8@\0jZiАD\'V\\#uĢ @(p45Z	$\Z8:f-*\'{lb&KZ=)5ϰh_5~c/\0\0ݶ3>NAFUSCPӨnh\0F\rTj,-)\rDPxu~.H\"IX<Ӵt\0%/l0rIO^\\7>Ip(& Ab`f9UA56bx\ru> R 8p.c5RX\0#8	w<aPd)~g̰yG,wSϳaJi7|O-ΰ-\r{9FBY/,C; @sמ< (^7\'\0V˗KyZ^Y~~\0x9L~-RjB38\re9D@5SY	8@6M4\\xx@(#gćlrIk)en;vwQͦpPYd^BY=/S0@]q>\\i5KUiW6/wȜbMb\r\\	@>)0$eA8pJ&Z6)*ntP39#˷DlhRq\\B\ZoSص%%i\r:f=:sˌ@>t(x\Z/jMwU{U5iU@uU֖A8C֛5r:&U^KrZstO3}a(5+\rv2Pk<{+UVei,3H4mh Tl}ئ휢p]U*M=^uO鞵Y{ߵ2>\0~apXlf:=KUY&~蝈EmdO\\nu@VKzWY>Eٻ0Zev	WyeQjA7%ݓ܎;q\'mYu/t	WYQlﻘSl\0km:lșSCۗV_Ӓ/TvSYuܲ!|gAx}]+cx43^2b;7;1j/tQ\nL2^pս0p(K\rv2(\"xe=މU\0QBw,pHj[F%ɤVKrrI\\.<yO]+\"UUiCuEPY9U>9ι Cٺ5+GTN@8VXr@J욦B+}V@^wǠfK%6A\0;I޿{@)%uj`?[^=^CY\Zu\re.ke  ~ds66Fe%dJ5h\ZߣAS5l\\z_\0xFiFUZ3n,2?,ަP̡w؇Mqk<+1\nPA-k0tO9T#\\e)x*]Ur<_k3vnʹ.\'T4\rwKU_)e`5m#DG#ذj&Uf*zoj L!xWP;\ZX.^t{8Į5{+填[.B@+gFqeH\r-ǻjA w붍\"+ܴs+.Ou)b%8Z;	.%kzla*jl3LuXWei[sx;ݲ	xlـHh4kx.i(*EhښV.ܖKod^<Em9T\'Y4\"ckAQc<!}{ww5ߚbbQ4\\<j|\00\0S[WD)E\Zƌ,:O,S!uömn͠vlA,H WQ\nEZmd%k訷(zxzy֨[BYP B)f?z\rn:?ǡ[v,]Td%\\U[\r\\Z=Ė8KsKH1,Ǽ:,-e	veuG{oCo9W5c㪡ri@Q)B.*Q-5&\0݆*WڵVeQlCmojq\0޳DOh8zz\rdxoB\0MUm\0-o~.Kz\rOM+̠4YL;OZwUu^E5\n]7c n ۊ[ ۯx 4BU%kI#zXZB\Zb#72\nPֻnW_	b?\0k\0q㶍ߥdY\\{1oxIVyb&PJK3ukҁثgO*	@&gVTމGnׯ	En<I1pCk{1$tzs{0:-\Z=Gz^Q)BU5TNzRvL*ʢ5BYPցv\0^\0aG)vոC@\"]9?ymXF5.\\\\.O\\M]f0CYc(v;F_ï\n\"Ian\rA\"b\0;p\'ed:\"@ӴgG1t;#gsU>S\Z2e5*u0Xuop<vvǚ`kI\0=j8Gcw\Z*KzUn;ҨyfR넲a߼Goxk[$q@b >ph7w]GovI\0Y3\\SS5=UЬQV\"/U\\,vĂ?eU\r[YZagŉ%l{	E@!pٸق˓3]k{]芄pQsӲE\rױ=Qb++;t<ήO`=1xE(mCibyV8\0pwV&l\r, RHurmkV+sWQTU^`@ޭfx3\Zc4`?t\"2͍Muƭ]K=7_w҂</BВ3anZ$iOtw	0ӍmV#(JjU	wQD?w:\0?@@6촡q3b:Gr.xϡpˮMr7	E\"HwNE!IgܞhWQqda{L4oKgFUj\Zfb\0~t:?\0n\0l[AL\ZtIei u[UmV=lP\0 \0Vq	(kB\\\nw\\]h<-;7cz.щ	ӴRd?7i:\0Qm&`2x}U\'AH;֯Vm\0׻[ ZM\'J!<6m@y$ E+Ρ+5}\07\0I\'wZģz2TUm[ AU<ߍ{E{l,k˽>\0fM,ɛMll=5ϱ_x 6WX6m@Bp= \0\0b@5Cǐ0L\0v~d7܈P׿45uq\\u^\ZC*k[ @iGHlG:>N\"BY{(Z.7j3\0nՆ6A]\'R4J	<a@/nݽފx,EQHeQPd\\[vo*DC,{C5rmlA5HD2@/<w\0xI/U~zTVA`\\Lf.!IU횭=ؼfcx|\nz\"\0h6\rNU{Zl۰\nǑ6(IY=˧d^x@NZ3E=1|=G1eRk\Z&`8p\\y=]ؾ~%]Ϥ<.e|q.\0J[LI,˓1@/<\0>0-`&zK}bDo9#4#.`(*5@*h.@s;7ml\'\r+\ZcWth\rYE+x0oܱ`#Dغ*;\0j~R\0U\nz*	ŁL\nPزn%._\\7#y]яKW&痬moN1@/NS;b_pFzt\'X$$WQ붂c!B\0$oH(lv>;Dp=7\0C}ݸkf3H/L8:z.rV~~R\\3%t~zqX\0֤(P <>~U#npǚᘾJl`%Hw/HH0 PLul]B5C}8puشfsiL\'R~䙋x8zMblrG((%\0K<\0 j[ٹf_|߉v_I/@\"1p]= qz@!\"Vw=[j\ZƧfL5)(E}]}7@o^??/2i![z[}=IP[vhi\r/c!RHɃ!ѦKnܽG]U=(5Lͦ*[e:n޳Vw,Ƨ;2tн\0~ғw^9\'w<o@Z2B%uy޷!-d4lۀpPĝ7`_ߺۚ\0חt,\0wn)peݐXm\rFu\\TZ*N\0*t:ǅq^TӉ$۾@Y$RWg_=-i\Z?640\rr=}k6wAV;$#nz \0~n姚sQ@U}7>68TE<vĂ&ݒ(yhtq-qdCe>arD7dL\n܊5 (h:.w5.Aմz,\'O\Z[P1ˏsnܳΫ71Gؼ	Hz\\\nc5A!4Ap@6NӰcj}n\n.M6@}ⱱğ/@\0<OL;/p(8x=9=P|!I\r6ۑHf0:὘ǖCS\0==pw\\\rwlY+9],5\'C@5\"!v6\\kR&g<!ڣcN3@/]`S#b nk1V8QkWOW_w#21X#1|t:fnpHH>gT.1,BǼ EBnz]J)g6Z0(AQj.<6l\'4!]U\0[ڒH\0T!0Y\"lCĠMCn߻ݎ+0<)L%R9u;:Џ%νke4N_m-lKo8$tt*x1d<y6ŮխR~3U+_<՟w`Z)6a\0Y~}zW湱H_t?;:	8,#Hw}c)[\n޼K_sCnx汱Dv~K\0n2E@pS@\0*p}+@sВ3z$F((\"m,NJÆ-XϬsؤVlk|nSxL^`v;[GWN+{s?l/3+;;TjņC.5a\r?X$h3t0[y@:͌:q-VccK6?=\05\'olv\0ڕ8E\0	vC=6{!\ny}J9\0_f^ZYBpRSV+~SWI(bƊ=6K(Oγ&5N8x튾svju2C㱱ݶ-3Q\'Ts{#ϟf^y;2\\`㾓,܆S<;Ï\r\'\ny6;pwAHV!&;$cnn}gd֙G>Ïj<,yL;l\\UXv;CK?JNeD0O\0-,^Loehh+e)Kh1^Z/H?:\09rL>MY`t_]-(=VbisgRecO\'ANA^~4ccAZ1%lzٲtI%[$CBto&\0aLЊ`K`5G_c\\\"K/yvvִv9Ls7nǃI}4E-i$j+4H8ڎv?v6n967ÐTJ8˭e<a,H0942c64*αGtr?~Te^^Ƕ˺-cҎNArT=>6P\'Ph~~tb9~m6Y.Va-v(_M±Q/8Xc+Ï\0|n\r\0-JMlҎBBYZ\0p\0N\nm2>cK?<4c\"߲}В	@6enezc\rtU	JmsjK_=\0hKjLjG,o+\0~Rh!j-@SsNX8\"W`\0-1\r^\n<ZhQLM;抌m@Xu\0n4hL^<U{mO(=(SkʯD>[YŜSZZ(qF\rG\rWz,=?82EbT{xEqsJ`		t-P	mM8(Y63TgjFbN1?s\0`_T@gOyv\nP/K?9BG#L0x-1;(eYkR\'\0~YXp)kک9x^GVb݌|\non4*̙c̌[k\0l1\Z0n;sÏ26cӗ<TR,#L9qT	ˮLC\n,$=t/Zs0\0x~GE/Ǣ\\+efYv;uN0sTܩd*N:hb\nE̅	 ;jŢ:%46Ggs\09̀*2>gljTܲ`zz>&Yk1@ϿB,(fs(EDE69\rbv5E/P\0󘜜Nc^TSiDǅ4]eA{z4yZ:􌾭Yz@yyN*ZT\\mF:y$D<4MXN13@*oi8c^m4\0 M`hTh6	:4W*T,<X,brr\Z&A@dUa؈\0AiZe\\2^Dk	Ϥ@p pT/?R$؛1X6t@QRLLL#ɡ<_jQ_N:cĥ9+E63͑b(\0103@/\rm`Xe&A>Co_bfۢH(\"! .uj<7hpgiЋr:,<\nBT\rH&A0}բngS\0ǃH J qq=\n@\0*\0^t33	(<!33@K\0^O硩Un>1Da!WS\\\08N\0\0oM>zA{Eс5Vr)bvvrUI6&t	t;ܦ\r#g&.;R\"0zzJ~XtSZ8_[u%lj^R;ki\ZE*Fb6ifdߴ\0T#R\0LE٬ff2Yd2YHbk+Сi(.c$RHϵQ8C0\ZD@dÎAxG;\\D.x«x\\WEB8W@:kE4!Bl0@/-IR\0)\0 Rt*t*\rB!	HPRP{) #!AU-LL\0)\"A2 3@7Z (\"QT(dsr5|c\0w6G6L)(ADHQ\n;SJ!\n\nrAF!/#L쓝 %6D1\nMQPl#rY\rjl @  xD$xp#:R/\n@4hMU\nX(\nԢmR:\0Đ4\nh&^Lh%	  B\09WpQ4UCA-/,Jp%B\"1S7RMkTsHD\n#4yJN\"+Њ??8$@ (B`6\Z&u幋ɻc$gP\"o/\ZbRM+-g_\0A\n.KM`v\nG*EK!ٵ*\0ݐ:t\0qȧv]F#(B(-iB+BS5P\rN$8pH)y}1σ8iE3>Qv?N|cOO<aE\0{[ށFH|\\@\07+j }4oX@?L_}\'7k5˄͚&b3\0y\"(JAˎ*HcA$e_=n|+O:(е\0_ep֠*\"C<KhD(/br\'G*f}sEjҩN_Cc-\0f}>|\n*0[\0R4>	n>;>)N$\n5f03>Q:t,bɇuҩ\0B1*@5Q0hjO\"ِT\n5Zv\0md^\0uH8(ՊRA}\'ScfAԾO@v3i)4Eõ\r\0}С~6Y\0=N:n2!iY_`$;?\"#b;?1LFPe(\nE\n(1|z]0fơCwr9ɅW\02*EM]R$;>oˡBQDXd\"Њ}鍗=|СC70@/o0a*Op9(p9BVKQL1h\rǙP6@\0$\ng^,\0|}\0e.R{b5jA)ccȲffUAm&\nV(rZPY~OVSe]\0~.RUV)FS*etKf8TdW\"qT\0#ff)&ʑI/BU}U\"J}\0?XK!93ir\0\"մfs\"qG{.epA$yD<ٕ@[ԀJMA;^tԷˈwFl@ Y0l`.bQ硄]^mB@̓\\a4`(v~iS4Cd^&\"Hk|{g5tFEFl`.Pb+;=%0H0ՠhԬjN<{uJDB\\c{Y}sx=zilu=>gd\rP;mu	<ʽ c.^@=Րic]M/5҉HS;=}o={6\\xǻ|A	!\0&l(4cõaC*9BF\'X!؊UVU\rW>ygYYu#;JѪ}\0HSY\nFI)039ycM(6nHy\0_׾vz<p@WyMNNAD\"ņC>_?J\0Dk?M-T\"p1D&O-vOږw60P0ҋ/һ_c+.`ǎۨ8p<\0J 2zKEu4.:l+@	U4LeUyG0\0{2odn!7f#ɬV#:	*^]R|`,`_x\"<\0MA B$o=lfDNE(@9+B~i>K\rnNZAMLej[^\0(Jkhepxi\0_\0?!\0?<,\rHo:\\&pib\'60ח:(L^Mgs\ZdK8,X.?\rGݥ-˾	r\0?-_\0|?>\0zG\0;\0p_3N0\0MSǍV0uqsw`N!~ቶ?{ƄVPgZ	U0l\0{_8p[Qd^6_?	|_zQ?p\'G@O\06s=\n!c}7G HQ)&EG0x3f!	Czt,PZV4D^!Қ>}YBފ8ĻP(4E׿w\0~fE\0`(T	SBU: vt(/Ū\r\\\\p!]\\^`\nzOM!q\"\Zlaj`&U[1|\"k=δ^?9\0\\Bq\">\n\r9\087ڌ&ѣn_Q\0+P8\0QJG\ZU|!qV;v|`57Ul\"#&;9_x}CkmGԅF vh~b<\r\"5=?@*,j̴ӏcc}Ї 5k*y @0GTUm\0\Z3#[noݺ\"yk }6TĿHK%	nD#Q=FLa:ʩ8xQNxE%9GDX)q`=fnxY#u!AG5V# )ry\n5q<Y?%`ˊpTɃ==Dlg\0\0}ѿ>zer9z\0x\'DA$AmL]b\0J%lvR̉gqͭs\"/;$sEYٛ>i_Jl%27ϗv3`jsyM*˨(@A֯@)UU\Z6TsYr7$Q$P|,kG=5\0sG!Gy(=JJov%]G\"F0+I_fhY®sO;V0j&Q=\'#ヘC<둽&#91uR֫u,$&ǑI\'KZK=RmX(\0j>&@\0Xݐ$5x<J=r79r[ȑ#\0\00mX4Z\0?rblq̌:0ELѮ-xm@ qGܿ\r@YEm&Ǿcϊ1cN*wM# ӃP(d;SG<vȑk;)vȑ][l;\0X̵DQD4\Z\r>_\Z t~-9^Ɲ׹:*WeqE/؃I5燮Gq^\\@ȫP5ͤjx_,v~B JL4h;v\0Ȗ-[mٲϧ$C>|JOң0@0D<Gy\'FBWX\n`z\r\0oJJb\0309>-YĐ#м0snMPvգ\0&*\\tp20+x*skW][! 4!$hT\Z( (=w>|8d\0}arG\0.yF3\n#A8\r^MV\0VepUliYEQsb0?T$u]{+z7Pg\rYLmبgruY7uarߖmD]]]n\0Çi{@>|xkx7q#-vm!D\nU|y~y)WQF\0deͬseCH1uv>[\r\nb19@-z	^\08dbb >D-7FcC,Ik@6Ç?UmCq%\nzE?atww#*Γ8YcV[lobvbUŶB.LH8gBMUnmJ\rԪRA#ɏ\08q쩚jR#\\1%>޶CS(S\nj>xQá0qKyDtIX^gtU`:bBH8nGLjUM),νqn6剺*WDCݔ:􅃇-*:\0}\rwSa$)xsU^Y>\'\n9@Fk5\\CHAP!fvn]]\ZFP[TǞմ{kbaxR,;\Zʏ_p@<xP8x\0ſ\"\nqn1_ReEn]O6s\'_e@Anώnu-?(@8bRrFg8Si.AFW<\nP|zA >xoT#h,XWЛ=*6tAn>cUv\n`/S	`s7~k\'	ou	g_xQ>,{ԫ`mTkx9@\08_3=v;k/Hr`Z#`ܛHL^u7i\0V W<Ifnx쮻t6I-.[\0pSΎG/[ri=u[q_UfKwS<~^\0}}\nί:!T>]^L ̓#vK4\nf\'e܆\"QL]~71saMo}	7ژZYJ/{\nE5IZWnG\0A]d\'<p]K}x~q@[՘ǡX,Ţda7>\rh;,\n0%ՈHah~Am]^%TuwiE83@Kh7$	\Z([=z\'w~\nꨆF	ú؍ B!/\Z28q{++\Z[ط_Ϟ\\\Z{߄>s\n5_O{[Wwݴ\r@KR=i\Zu\rsǞQœ5uI\\(ВԖCWw7,rׯux=<_Ϗ*\0^K \Z-ѫ+H%yftǻ}	βfV_LM0<p`d}O?\\?u^ys?/M{֛XR\09ECP5Q7_:B\r\Zyנ(\n^]]lP@*I=O=	*efb.!F\0R)m`)JWO9$\'LJŗ\0\\/,d&?`L\n_K:ްcv\0bGRCJj1(x\0|c}m+\0sAWWGkC#XtA߿\\\ZȦ$R\0yK!*~c3)g?޸0R\Z&PWLjo\0z.]\\,O@m}~o\0lXWK66($:\Zc\Z\r|M\0WHE|/bfMe}7w6W)WAe1LY1\\j2*\'k\0O޿σ]~;Aobe;,lwY8	ӘXp5UlbYxLobd|Wv}|[?@AVu`\\\\]Iti\0Myi|\n<X4gxx?S߿g\nMoͺ0ڏ5]M.i.Lo~eKٓMpQrt[oY)ME<VJIj\'BpiLՈDկ\n-A/a?\\G߿ڝ)_4\0BТ+6XhUUQ,q)נ&H\'60ڟu\0)|UjC]UI<)~ӥy$MwUn}zoeSoP#{~\0pdqQD@km^燅 |1`C3s_zP0HV9\r,g.\'/B>/=kY\0\n.6rh$Gk{.)gtJA	5ߛ!R:{\0;խ\'_<5(xiwUqM+vw_x\'PǙqx]n+*(-zZ@`(;\0}=\n!\nc1G](-cZɉ\\׎\nuL|S:=x_t{k/1\0cW&ڠKu+~.vw#mA7^A%=׉{&#CϏݮbt1XջskXؼ/^޶(8ىIln}7nU+l)\"3R\\ؕ1:raͰwAnt)\0{)~4\r?Ծ6ZTe3%uw\rKej.mrUfpI}݈m@na@yZܸ{mM_3i#OVvd4Ƥv\\(KCwsOw.?Kx_\ZBWͲ\0uu[ReE|c}b57_s5Lm}Z&%3ӽq\\RsOto\"pcM:\Z91,!O~G(pXm=GS6CUY zcz9mQ<ϛ́W7!2kI7_q@ovw3/c6	jpe[\nt1۟l>xd{8\nz\'@yo(gsWji\ZEi)E.Wu/kg1zudSݹw\\!Ygƣ\rj\rlt6$o73}O\'?1 }wXd kŞq3~n\\vadU,0C~^)&gNo;7o;}_+{׼voǝ7\\\0򲌯~Zh%\\xVǬ%\0w\riqӷpw޶pxqNVi0M]/X\'k߫JFph-X1[W{KzGD<%O[5CnE,tb\ZϞ<cU\riRk%{WUnGP)*A_Rz<r,\\OU&\09Ti\0шW$5s)]0u+֬\09\\\ZxW0KK]aJ\r{۴RI3c>\\c=:T\0--gzε>bQg#{&RDOa6)\\W wӵػs+!G:\08/\0!hV5p^pkU[@C2/m@ܒ;!jQ(Iqaxֽ+,X/2b4{ص7GOw=\Z1}/	(3W)nn:ml+l0o=O[pP	m_Э^|peD!:tǢ\0\0_R5>]\'\'CN;?0pl?\0G5%s18S%ZN.1e32vmn\Z@rә&2M-JF\\Ϻ>k[[Rؠmov*wXtۻ28Eqn\nۍw8d6t*r+?]ٲm^ety>[$0eJ4wՒg);H\"iɚߋOcvz{Zـsє%	/^\0f_)n(\n-I6G21̢0\nK738_~fcw\ZhGܾV-4XtM0\0vW>XhĆd2T-ǩ/zw9m@e}{{1ta藗$	lrfũox;fif,֬q׏\0Y.vj}҈m4\r=/PX;i]t3,_~YbEq馞\Z\0fM92Ͳ$-Ncaᦤe2;w(BEH+IQ;A|ZnPKf&IDjբ\nY!2\nrw&/-38Bg\Z?0!ysEiw.J_ιys(KT zD+/_:YQt,-.*vZ3$\'$2<4b\'o@V/˲l~54@ Px+5kx4M+/Íw\\?;֫M\nWt:+WJmY@ M$T\'ׁ@E\n:A\\(xOA ٷj:Ka@)1\r=q>Է\Zt1\0K\Z/]8̔h4\nL&+/IR(U\Zе%3|2k\n\rw!(WPJq΂yڵpMqdi#Irg\Zj/=Wٜ\0eh)p͛7#,MLAA/w+\ZSNNV\0oYp]w!۾:,\n2[X,+/z@{붭텪8slf>i,LonPI~8;wD,kj}g(*9wUr@hlm6twwWA.XB	qAK.azz\Zl߱x!aͤ8,Tߠ>s>}}\nص{b\"Μ>|>U\r<g	ɉIB**o\0NKbW53mI,Ο:i^8޳HbgϜuklYE<E]9\\|z=[6c``g}r&>KN\"TW;S޳p,3́zwZ35ϟG.c|l\0i&\r\r5N\\W&&zeLp@ {v#B\nS7%bmns\rBdĲu0_+Wlm3J6C{ZqE)f0|}\0.\"v\rQQ(p{w,\\c!\\ape\n\0`͚5XvMS,֚|)[@\"j\\cl`{A @PsPTz\rQ&&&0Zʕ+aFo}ÛS,Ce<ֽf;\naϞ=\\gϞCXd^ns]_&\'\'12r\0084[6knF)?8i&Ӽo\\\ZM[ބ `=y\\Ν]s[S||lB?55\0@?mOf9ܩPEuV`5W\\վS\'^зg>Kזjy^pX,]v7@6ŹsuJɨyQ;qup.]\0煅M![Rąӯ[5r\'}ċ6׃Znةo@Wיz1_\nQ/t28\0`vv/^\0qر80}5Alq/lT,Q4.\nt0`jb̦Y^c~lޞl߱.:;s<˽|=b9\\xعõ\ZF+X	~8+(*+d@v_~2lydﾾ>lٺ\0Jqh1.}v6,L\r)a5}gso\ntl\0Y)N`8qwD_^0JXǩ}{;*|\nF\0[jlkrF.bvj¢?4\rs9\0@(B$^ڟo.	1WzS<盅\0}(ܲ3d6:ʋdgL{OLLT$6!UyΝ$\nKr\n+7J@QE\n:*dGS7,ځu\0jy`owyr===m7.J%4Pcbbatt]Ր Nv𐺇Ħ_{lyu̔qs~RK<Z_nTLFÛ bn.L&SB2*\n990qA߯oH$J[ϝzEEv\0tTR,x:k##zrqp\0LJlaɋ=Q|I%eI9\":s%bִ7;JV;fux|kj:XBP)\\033SR旅k8sҾV\r*&\\K!5pdˣUi``	S\'ܢpU7~T<##¶1Nqˠ,lں/Pyf;9D\"\0\0\r\r%1nZ囡ۊ*IJ|rY\\pڤ*lJny!:+災/\rз[v_N,ii%\"}}/\r;_}垛Et\n{OOMW6[rżkw)%>%B\\c>BztM7µ=\0p՗)HVU\'_<^	bَFXiTo/Q$Iiw/XuP@SUׁ\nhFުժ,/(Ԡ/U3C#ÑNQ,PP( NgeylUV8Ȳ+W故=rV9\0`.A.龴S]J~}6/	[dh5;\"J[Ȩ! \0g!7-@3VV\\g_;jt\0{@4J))^%N#J5TC}9bfz\Zjqqh7G0.\r+}ɫP5\rҲKs:j	N&S\0^سdb|2ޯR,btskZ<ꛢY\ZavffXP}xK\0ffpI8p{V7մJɧx<X,$H#f1=3YinrZRir9D\"aB6\n߇)<ϻ\rԎ|}֕Okno鳍_:g7 {\"N7J^TZW!Cx\\b1iu~)#ɴ,Chͩd2L&p8P(@ÅW߇L&Q(\rᖽ\0x&0|Zǘrr|\0\'NBnxi|dsʎ$+W XI\r`.G6my0MVTU$SiBABJ:BV^zSE,k9lZ,S-}%rO\r*J[ޗ.^]]1	fS\\.|>?oK?ߚϙHQd9Pxpd	;:J@Tt\Z}f,\\Zܸ֒G^OOp?޼zu37wv-QVUlf=Η`J%F*F $I$%̽LoARiy\\źuk[51|K\'^1ve\0z*R.<P,Q(P((ʂLJEQN<DQhkVoajj\nx7b]]-eZNBfɣ@-\0t@7/^iA4[Di\ZdYFP,˥$¼.%U-\"+\"sVB@ мSmr`CCCǥKعs\'xkmĂ\Zl4kwbǑf!\"V,W	W4(Y!˲M9<tuA*o}XzNN122\rַΤE0G48VRwp;ۉ_!k֬GH&d%ĭzrn],VBHAhիp[EWW==-cajSusipР5\'%ɪt?\\⁽\04Kbhhh~\nXDX((^J=ǔkA@@ \0AdBUWa0FF.#C#ۗϢ.o~&eXwm-c#Q(Fߧh6\':h4|1o\\X\"-n(@8x^v˯]oM055.a֭U?@,\\$\Zt xeYBZDռj(mLmЋ,LUBB58f0veVl]hgr7b/B${\n2.\\\'͆4MC\0ZEb~H)땙8p<ot8YzF#5.PYy CؘL	q[_Dj|MUjZ\0i\"۳S;93\0xc|l#غuDQlMs %1/B&s\"Ǯ\0ޗ/_A.C8F(F:j&&	@S߆2iTTP8\\6Kyf\'x1:$ɂE3Nˑc[Nwc38$V/]K}q.,#bQOʿ2zRlQ̴A-n<^!XȠ>З\rvy޹H80zz}Jn|y56ğͪ,*VU.\rC4D\"a*tBFL0::`PDLᓅ|HM0IBB#V~:n=22\nYJ%#Rau$H$t:KFy& CH!1\rTBP}er\'P*qutgW\"JABK\"%#\n\"06nܠ;ɼRw;:Ub.;P?xw\"1)pH8䁲O}3l2hDQjes2:Vqba{/ #<vtPb]=bcw.Õ+L5y嫸S6J-ӇBAhD\"o狅Wlъ]	И3\"*w!P\"GiHGeD-g|\ni\"\"~(B&իW2E^B5fޚbxxbP 0\"ֶ:KD GȤ3A 9Avt)CuO;ޅQyH`H.--x#Cd \Z@k׮4 MUZaNccHHAuQ@6n5ҎzyC!d9`y.׻ RȠC\'#c$? ma营xA@0D>֭[kZ텩)d39!\";$xC(ZD{~.cU(@^(֬]m_I3uIҔ.;Jc||!v!0/$C{E k7(\"reWjH($Ju;eEl6+c  \n:{\ZYinY$4ǯbhŠ0+\ZD #l\rMk[W\rC !W$`)38bb<oJ)@M!@ӔKZ\n[7_w\".lʠ^͚|ɥ`4G\"1@roA RHYj(GcOW;/Qh`(dD0[leB{KpC	DIcA\ZrA6Y*q	7=qA=WajynBB\\b\03\Ztf\"nS4\r+VyKDdQ@¦%=O2z٤1A+t\n\Zr)oSK\"\nd\na&0fP kg<^&ؕqPJ!I8c%$bf~ԙtWF`媕u=C:[OM%Szu,7i=Pt	KZO.J\"YA6QZ掜:v\"γ3!$p˸58Ŗ6)V@\0\n_ƪ+!I3Cs~NRH& @\n%v`_28A\0(+W \Zo/!l@暪r8+g&`&&1@aQŝxATOe]Coo/{jB \"kB+P<7PU%<	Keq_Ƽ$B ax(!C7_hnnSBx3-SWivh=\0((EdKh\\B_@TLŇi\Z&&&JYc@@=ؗq:d\"XTU\\<xO}9badPDA_15_\rV-v:rx!(U%d?3@<U]t\0!3 \r\0\0\0\0IENDB`',2110000,'pizza','Tribiani','Joey','BSN',4,'M','23 Aurora Hill, Baguio City','Dagupan, Pangasinan','SLU','Filipino','Filipino','Cesar Tribiani','09361112233','Mason','Judith Tribiani','09645894612','Housewife','Single','Roman Catholic','Mary Allen Tribiani','7546395','Sister','23 Aurora Hill, Baguio City',12,0),('PNG\r\n\Z\n\0\0\0\rIHDR\0\0\0\0\0{\0\0\0徦G\0\0\0	pHYs\0\0.#\0\0.#x?v\0\0\nOiCCPPhotoshop ICC profile\0\0xڝSgTS=BKKoR RB&*!	J!QEEȠQ,\n!{kּ>H3Q5B.@\n$p\0d!s#\0~<<+\"\0x\0M0B\\t8K\0@zB\0@F&S\0\0`cb\0P-\0`\'\0{\0[!\0 eD\0h;\0VE\0X0\0fK9\0-\00IWfH\0\0\0\00Q)\0{\0`##x\0\0FW<+*\0\0x<$9E[-qWW.(I+6aa@.y24\0\0x6_-\"bbϫp@\0\0t~,/\Z;m%h^uf@\0Wp~<<EJB[aW}g_Wl~<$2]GLϒ	bG\"IbX*QqD2\"B)%d,>5\0j>{-]cK\'Xt\0\0o(hw?G%\0fIq\0\0^D$.Tʳ?\0\0D*A,`6B$BB\ndr`)B(Ͱ*`/@4Qhp.U=pa(	Aa!ڈbX#!H$ ɈQ\"K5H1RT UH=r9\\F;\02G1Q=C7\ZFdt1r\Z=6Ыhڏ>C03l0.B8,	c˱\"\ZVcϱwE	6wB aAHXLXNH $4	7	Q\'\"K&b21XH,#/{C7$C2\'ITFnR#,4H\Z#dk9, +ȅ3![\nb@qS(RjJ4e2AURݨT5ZBRQ4u9̓IK\ZhhitݕNWGw\rǈg(gwLӋT071oUX**|\nJ&*/TުUUT^S}FU3S	ԖUPSSg;goT?~YYLOCQ_ cx,!k\ru5&|v*=9C3J3WRf?qtN	(~))4L1e\\kXHQG6EYAJ\'\\\'GgSSݧ\nM=:.kDwn^Loy}/TmGX$<5qo</QC]@Caaᄑ<FFi\\$mmƣ&&!&KMMRM);L;L֙͢5=12כ߷`ZxZ,eIZYnZ9YXUZ]F%ֻNNgðɶۮm}agbgŮ}}=\rZ~sr:V:ޚΜ?}/gX3)iSGggs󈋉K.>.ȽJtq]zۯ6iܟ4)Y3sCQ?0k߬~OCOg#/c/Wװwa>>r><72Y_7ȷOo_C#dz\0%gA[z|!?:eAAA!h쐭!ΑiP~aa~\'W?pX\Z15wCsDDDޛg1O9-J5*>.j<74?.fYXXIlK9.*6nl{/]py.,:@LN8A*%w%\nyg\"/6шC\\*NH*Mz쑼5y$3,幄\'L\rLݛ:v m2=:1qB!Mggfvˬen/kY-\nBTZ(*geWf͉9+̳ې7ᒶKW-X潬j9<qy\n+V<*mOW~&zMk^ʂkU\n}]OX/Yߵa>(xoʿܔĹdff-[n\rڴ\rVE/(ۻC<e;?TTTT6ݵan{4[>ɾUUMfeI?m]Nmq#׹=TR+Gw-\r6\rU#pDy	\r:v{vg/jBFS[b[O>zG4<YyJTiӓgό}~.`ۢ{cjotE;;\\tWW:_mt<Oǻ\\kz{f7y՞9=ݽzo~r\'˻w\'O_@AC݇?[jwGCˆ\r8>99?rCd&ˮ/~јѡ򗓿m|x31^VwwO| (hSЧc3-\0\0\0 cHRM\0\0z%\0\0\0\0\0\0\0\0u0\0\0`\0\0:\0\0o_F\0\0HIDATxy$Gy&g}wϡх@$f}aoƀ|kk\Zi6$7`с i>̌w̬̪̪xʌ\"\rbf(((jEhEhEhEhEhEhEhEhEhEhEhEhEhEhEhEhEhEhEhEhEhEhEhEhEhEhEhEhEhEhEhEhEhEhEhEhEhEhEhEhEh6j©ϽE 48DgD3  \ZH&$jbet$Aq=@w\'.#\n˷y|\0r̓`I0Kp)%3y,^|zN|rO%K@$i s;D@\0\0Dt7K>2M5УAރo\0s<H~>/Y,\0,V>g>Ky-_ߘ[Ji+Nf@6lzCD\"i\"4,7,S?򿾥F\"tv|	fg|	H@,[Dk3nB݃C|=f;j(BKs@$+Hycmd	Bo}Brw凘MQHBx7нB׽i#43x5`w,ʹ|!5So#%H}B.4yK5/^HׁAEL4qDEЄnt!f{SǿJ$?$Bț)B4zdz,߽Fb0b~do}\0~7T\"\"\n\0}hT\Z:2~-4Y^CZ\Z۴m\0G\\V#TiX_\0~j|ޚP+\0O(]5#~cxgTxʃ}іۣ\0|ȧ\0_Fл7\r\" o܏	 C\0|7̪ѫ7\0CʔtO\0ȍoDXz̿\0̫M )6p[o|O\ZsB/29R?z8(⍯ByL	xC#@J\0OǍ^`	\nE3?_\rEq!\'~uEfƿr㫩\'x+G̯{:0iҢQiᣋxݏ+By\0POE݉>p\'+B5\0dp:oL\0̑^;=\Z?\0b,hb»$\0=rkI:׾\rq\\Й?3믘wQ54Ǽ[*>u^M5}p[\"Bg\0Z\"tTx@>4gWgϟ3E謐WL\0R18>4\r*미T:3\0{Мj]\"t^L\0oV݁A0ӍwCe1\rڱiLtß,~5ӊ?kwx*:d\nv\ZB2b\nTN{\06\rK@t\00uQkt:dm\r{\rN^_:]x9^izd\0Mp}i\nYLظILI7}mxDS\\\'㫌]ӀаNмѽ®Y[z\nne#7F~׽f\"t:J\0O3\Z]Qr6 1uƝ\n,Ym,|nu,б)B}j٨|b!v*O[!\'ᮝjim_yyumGadvr}_o>q4U+U[mj8\n+b3=cXp9F \\W3uZA*\"2irR,V+KPm+CWnoBg^xtU+[-JW{?%de	Qp&:\nxU\Zz8x6\"nU\ZwؕpWOjkЊӀa%vSp0\'s5 <栧6\'6U\"\no]I`+~\0|dn|]E19ĭ*@˗$6o{̻iN8^-&36iVj~W~g\0,}GJC?`nۄWQE\"NAfJ\rdAF?G%`\n\0|Qzp|\'7<K)_?=\nn 좿\0IDr	){f\0A.s9c&7Ko\r\Z|Ždڀf5\';\r\0Zf4tx9F֎\'1`rE]Y\\t7U:yd\")!)!Ct\nKS#{(O+B\'nnzd.dmcMʘ@܄$mƈ\0,,-,dy\Z:r\nV(,~wnkց$Bl6lAidYQm݂iSOmOuS=\0UNܾ&\'dfp`ZjHꊆ+<\0fdB:9<@!l7AG\'W8n\n87udRd\'L*f~e[ ?w|AۖᄺM˃;gU\ZZڃLP99hK4E/v$y\0(B?<3Sd.qZڋ`\n;Շ`&\\]j*~UZfZp\ZrС1,H9QDctb!cFD?@-%h[%z0\'gyᩋ\\64JI\0qg#ǰ*Nw<F\'Q&̉K0 \0|իs;s+v䊅`ɕ?j\r<aꥊ	22⨑ݕnh\\\rNeu=lerǇgfˢ)aVsjsYlvFgeiP687o/{\noYfbmE\\6)cA[!al੩粦yG0k@\n$10MB谊St7?i)泖cfkӌ`L\"txի\0M77rq{l\\+,N86%\0er\'!I@ycf4x-8B2\ZKr25M}\"t8?y#1P=8+M^Yy:3/^j{﫮)BGlj;qԜ	rE5[\nF@dE\0QE\r-% `ɒk=v݀aX zEp^J3o+f?w@tw^]@}0~þtjg,1FrB~8c$42&bbE7Yh[\Zyl\rc&nhڵ,:BWJl3\0϶ 4c76W~	éA:ֲ_3maֽ0r{_}fBUC۩\ZcE^va@-A5oc:s\0<=\nfQ!Q\r\\$X$7r#h\0}\0u%{rx\"\r6\r\'kM \"Ԍt?QVbyM3$O/)B\n	u ĮY7PD#0pmiL	p\0)GZ	CYt\\BݢY`+s?MФ:QĔyJtywBLNK+BD66\'vJ\r~=7[@Eu$M<lȂ!}\Z$4 9B?A:\Z%41\'9h51r\'ꥳ!$64]7Anr:)RXk8AtJ*R,`vKL^_	\'`*@\ZmM	Υn9߯û\nذ-^3Lh\"-6ɘ4eĦX>3$E<ߧ`OK@̞ܣj@b\0pJ:pF !;ni6ƦQ;YC˭\Z46j\0TB]tDWMx\0T`da		9Lonz\r\Z̐9jU[u9&o[q! 4x5\r݃dƧv,GSkSy6͗4Y~6B0vKTsP品#Ni\rڼMXtZk]IhϤ\"6P10L@wB\rkz\r+aB*bnFQ\0&hȕ\rQkx`3	Y@Oiȉ)\0Axm:r\0wHBkgĦ~gRgϾVfU\ZgvCcZ N\ZҚoMk-$\ZDiIb\Z\rw?\"́)ݧ݋;xy4\rbjv	d( X#$lmzS 0`H0\\`\0Ln8,C;:y!\ZEptf躹{AO\Zؼyޘ\0\0\rliꍁyVv,\ro( [#%mf\nxmecX.*k+0E	pepdyV:<kAF5<O狞L1uoMk[d 8Mvp]g;ߔMT `¶)~aA3mhJb#]UˮqswsKs\nj=4tO5΅3bȇ\"i寔kc	(Wj[\nzb\0N݉nB3VNb\'.XTiӼd)ѬW6*p&{\'vDxt/ګal~ai2Qt@@3KJǍG.7Zmk4:\re[!4]ni8uڶV{Wlf#)M2.tÛf\\][sY\0SaDyжKm`Lz rP׿>T(R)]IPil@}.\nŽ8u[_wU\n\"líS|`KB	2-p]ô&Ш/ :4wUΊV)LMCi}=	*RC0a<]nř\'3>dz՘P\0ܖ8HC~7kSckJ̲\'!)~t\"t&].s9aiS\06ΰ\"X_;\ZY0bM$Lh>\Z:\ZLo֦&nMa1Zil5t; iyw\0Z)FFJU:N1*5.#xvVkڭak%h\0B6>R:,𽧹#Fn+BUs9ErdPomOw!t`K`[c%P%Ż?	+=2lrTxPϪ8۲w0rwVٌ5Ϊ/^TlYٲ=ɮp=F #cE6\\\0Bl;,\r֜=\r\r`l`R~jxXLF{\"41PQn\0YP;ҴxFvj5wƖj$Ӛ4\'۵.˚j\"O,7\\95<N\0eroϻaST<\"v:fٿD4\"t\ZGECSj	gN>Ac%ZNco	`fw\rI桤R$ɭ9	o7j	E蔎ns5jewbWF{HD`[y4jhvj\r]\\UѮ+LӟuE&.Sn=JowptxdZ(BG}pfnZh#@hHQkn 4ih5uIC+B6IެO\ra0a^vZ;D0jϱlLmuۇ㱎 &:B\ZCݫFl0Ȼ0w!A$:L	=ܑХO\\4Y4S۾J3+jQl(oq!.gѼVWB3(011540GLhHZh(BGC=y2w0\"hFMU-nB+\rɛN/:DKy,ɑztX(⧡IhCDsѝ47]Ô$i5EpXO|LvНWX#sKhX]8&ON]f&zt`ک468\r]WadMv\rI<Țmо!\"tH\rCCwZ>,35(Rnth!|HsPay2C36rdQGMyc^VNېChrHyFVwC,jj54wFwW}it7Q!MZ^WN~vD]QoTqCUDXMEpH~;I.Zm0Ɯ)k\r6Og5Cv0*ˡt&`+v+w creT!8E`\\\\im\0{@R[8uHZC}%fҴN>l^]9\r2\'W\'BZ\r\\uW\0}=^{9M;;,l\0:ȲEq]V!=juJ%E2\ZH)(6j1Ct<d?\'15Y\n{w[E\Zi\n*r7+=bY覿$gE:v:nԁZdيIaw7\\0[v;#`\0Ӷw:`P/\'0F\\p_vXBv2dXE)wǧwgƐ18%a8xH}wbu_&?+\rs<v?J)	oພ.i-R.%oyG7y;0Z\"8\Z]v|;17Л:k N\'9f3Cn<t]!X~AoUւ%M\nHc4uVc%Cyoծ:ih3)EH|ݎ|5\'km[R@LcnaZ~6Z\'\r}B:$^vM⻭vd|39@RT6)kf5f\r_v0̞;+BGCdR֛>=0]KOff溆l֛?]w:h\"t\nN;p:EI]-7}u\'@udԮ;xrdMkK	كu[n\\n-s{kM(9jѰxP,`0qpMFYFյhEk2WU|ӧ8kJ=l}MEhH~g?z}?ZpR;pM%}`k52b<O3aNēxL \n[>Kǃzm\r4VECԓKq-}o}IӓH=tR:C\ZUVkp\"&Ӝ5zYVq_TMmGm\0XLsW=/R6v!,0=5\\JpP؁\\>0N/-cm%	HN IE4khCwz={zz$@oM\\\n<&ch4\Z};Mna&BЩhxس/^Du]um,#F+=]8zf(zChε\0q)BYC54	$AJJ>tӳ3(\nOLH:Mpv\";?{m>09bz:_-KQs7铧={KٰWAiN,%w%d-&G#Yn\nE?\\o@IaEܤ mʇ&	aiW>J<t!\rp	i spf|g8vXGsY\\7IFɭChcSlr\0&^\ror윎z<v(r̣%5\rc@MG7qȒQ0էm5j6\0d4K?5ӂ@-J{뭼Z	[$UbvBL;\r\rd,ed/rt\0@aem\'vqVhkhۦH=W*~weq﫮vSCoP6ȭEWBrJt<xK=r3	tsҬ$Fb4q88z(.φô6s;PS@-@]+ˈFA}ʦt##W1gz}\rO҅GrM$sd붞+i68,qqTk]\r\"F\"tq8m[0-.P4viZ>(f秡7-W ,A9oY\0ށPI$G!!wqi^ʛ!]hG3@haޤ2P&W.P(hm.`uyRsУRNqqE#%N;u_kʛM<7Mn&rh*BgОmC*F\0ޚj#\0X_]e[]Eζҟ\0Z\'DVvdNGۦ3{EBkV#4Qexz~6Q_QMZ~BLM4Qƫk8}tϽʆ.Xd4{\"-WL^vMuW7$By`Ϊ	\'@4Qph|ن]P4P6ťtq	<va`z~\ZBڐJ\nN?\r{a-hzQLֲd	M1i	F:\'lcp\ry/,ԫM+Y;&=~\0!013R4 Zy\"h4X]]@YCV΀7i`嚝iZRʩjM:+6-/R,ƢhNDL\n&\rJguqi9~%r<,ۂa$:qoYHh6kuT+X[YG7u9Ӌ)+-_ Jf=(4\0\Z<\0O2&uk.j)%VVyH7\0Bf_`;jEB)<)BZnD3g̙`f4&\Z&dZm֛}ǰt6 l2W@đ7JCgirM[띥+=8MnS<M\"\Z4Ca-㊮D\"A/cb)BǃӃ#t mX\"u	+xu\\8MґJH7WmqO\0)4Y4M@4cG1\nk4tLXR6a3Q;J\'\Z:t#ZWoJܰ\\gt߯1B^01. v}LC^@ǗYO:NPڶ?(ā|94cȂd삷-17r|,pbsp\"tFMn%Y!(D\roX\06r	i\0Jmp\0|9^iɜ$3,OAi	?\"<rl\0\0*\0J)a)aNQ0Ό`)݆uȚruа?WK\0Vm6;,ЮPP4>j\"=G9xK[eV`J.^R[\0xݩ\0wH\0  3~C^\'˲o.m~\nayuWNf]{}U=_{b^[8A+A:s.j$+jD+Ϩ7uVڳ_j\rE[So2XHGssmZĺ@(Z95.]|_V,M_)\'jp;\"t2hl5ƪX>7UK)BU6_T{YY,Mԫ֜:ɝ\0 le9:or]ϸUU)BHs<U~(VR@rz7j9 @qrs爄%9ub_/]X߱g5Tg̜RIB­U\'?S3Fȉ]}v%?Go{\ZF|qHo1<	y3Ojy(ᬭEdh\nD§mU3k+=ÇWw1(_zYN3+\rc؝޻~dٕV=8ݬ,T/@n҆wԎB	(ΣpEe〗NA.E;S9%.`ME:/}sNj#E⿹c20~,ZZ\\Ǭ>Œ$I\0ʥoCq516JKkoOxjk;Փk׃u,Ͻާ&/ۭNgifUA̢k\0pj&[C[QX7^:\r8N-uF{9\0~U~\0n~/u\0\"2n~fw?pcA6\ZQ֛\0\Z|Uʁ4\rǉ\n;4d*!2ȕ^fԿOۭr-rev\"tR$\0%\0~޹ԅY?zguI116:jrǭh\ZeҸo~\0+xJmu`X\'-R/MY[VL΃ǘ;o)y\Z:0d>x\'7=AE$\0\0Qed\n]@:;qƅ6`23zl*(MTűaz>tT<U~_G\0\\7=wI>۟-xRD=Msry|؉EaPi428}T_OC9jURjw^W?	^~u	N\0^\nH024sL3svWB=O0˘CsTiOWi\rcG~|Dh^sP6lJ:u\0_~scE6W<o5C@a]kO~su(SU0&f,Ťͩ%F`e,+Q4Q<0RE.\0=\0o~HE#\0m\nq鎾\Z\0fa1\0wL6}ak X<omfh*4Bڕ&om[}wx+~}pX`\\E\"M(-LM3Z8<7OTe@`2TΚczOY|_[cdG#i\'s73-b?[@\0\0jiACC.w?VtyJ;oQVYYm&`ΟwP~L\rvdIP0Q4Q62\Zo/o_y?IB_[K\0/IzN75&CoaG]M5a:\rxb\0\Z;*FOXȗhpwa)WIEZAN\'uyW\0WDK{\r0ip\"ONPA7pa=p4f`Le?\".\nErP@.cz:bɂ&Du{mz	}{o潷^8zk(O(Mt	Z\r\0/#8>ݴa,\0:\0+тL2Mg#psEDU*mS394/X-SIk{ˏ-_c4P01i5b ?]GGx0f{92j[0i,1C+bZ^\0X ER2={߭qn%ҷʿ[t\0U@\nEvk3E3PI+Nc0JxXP.GrI\"݄pH3bdcw\'=fD߲4XVjp3ޮ׾+^_C_DdxFm똚Mk?ZSǃ%RJ04}@w:Yy{#|b\\^bLM`ۆfqqC!UqӘq\'3cEBv\"O\0K{	}i&+c<ΚK\n0{>V,)e^VTnsb|{oŁs0701_:/dO$<xazs}0Yh{MK,UӣҞRl?5]`b*B[G}K׼o =7OQ9P\07ÖZu|7#D&Ќ@ȬmϟMh6#>J4[CYDw,[e+oyWB\0>{>c\Z&&s}II%DVyS[&@;GXb?;\\[ˌA˛Qcr/_}-Zo]fyhve	7pqo3}u!ڀ$ s\'4}|@W Py%7P9^^{_HS&\0Es3ϔGJXyl%Rwg?_ZB6\0g NO(Nbx>!P24mm\\d+(;\0]73e)$0JeΕAKɍzM=2xj:ĂӭitcY}d**jgdUqMPy{?7zͿ]7=5a}m\"Bl{QǑJ&|W<ƾ/!3΅aҳ.\\IhSgA=(5S=}0#P*0H;z/D菼YfȌ\\ elB7`Ec&]{LCmY@{@Xs0	1w.<\r\0}/TJrƥX4azد	f\\wP;N\0PIk:|;Z5M~*\"\01s.̹(79܍=0\r1{PqdS3vԉ17Sī#bWK	fu}F%_;r9%kmBq#oYgiz camJ]ڢtvȞtEh?Z!yfBLgJ|dC\nEհK=5sе#d/0>Kd	6`\0e 7&[e?XEt-/:2cuY%U, Z[?릧1!\"/ ~y32Vq\"nO2$D@?Й񾏼&Jk/φs.oeb\rwޚvcRڦ9SCYg05Xm^\0K;5b6,Ȥz✿68x~:F\0K4gOQ\n\\?ίA1Ƌ<;ls9N Q|	քr\ryhC~=g$(,Fs0_ީ7lY]ApSOҋ?Iyv<&hYfrݟ\00,Ӭ>.A?t`\nze@aqv2.	?@kO$43.)\\CIPO-}lO#\rci@<Y+Ѽ5H{/o7C<\r5_ݶ*M7\'7?\np\'\'o00;|%HQ\0h=B;M![+V^R	?[m3hqġ}NS#̌fϽQ%;*=/nai,N6$ԧ\nQNU|fR%9l꺶f<\'L[nEza9}67LUY9\ZRz}Ⱅ\Ze.q|\'|	4V]޷?q</@Zo¹dq\\O|vh\rZ!~	by\\\0DS.쫝lδQV,@h\rb;-j/+!㔍%UsIZaطA	0#-~@.ڋ_RBW\\`>ȸBƁsT;	uzwfB鬩V`d!ܜzfn\Z;bzd&\0OK룷i8uw^Hda\\(й\"rp|/ []O(htW}KyOH}UH\'$Nͩ=#؏ś{g<Y#ck=p\"/$Fb#{{*BJ?ma|!@(#9Cڍvr\00˶oS.Z5|Պ`54L_7!n%1Th}IVO!Km;|<L>yRS*a\Zz q9-L=uO;8ϩdat/5G8PȢ ]ا>?T<{\n^\nƏHɂu}s&M`gekGi\r{wIw{XV@<y\rdcG{EF3+D;PjKy4͍>$08vÐ\rgk_a\Z&$:|K(81tJbpIj7PlW-g`Ƀzj@q@Ezy\Z1AHra	W*\r0\'x/|HoKf=Hu\"<(Okg\"VS{rHbU)1ZO@6],w_\n\nċSn\0wIydSCs+4[\"s V<og#G%nm\0(?\\kM\\\0Y#KA:GO\0?K@y\"yL\0͜[FIs-emv:x\031\'<{kcG?sX[\0O=_%,)[PtGzPdд鉳\0k&u|:/P?\nhhu=w֚cixNZFѕ$߳,h;o=ٹtwX,>ib\020}6ˏREa(HKLx\'I(+w$m`ߏyǎ{ٗAf}wWz\0^(a6J%Nsg?;=߿x^y4;I/\\\0:-J\"bn!\ZGGDE%ѱz`EOgyg8\'v\nnjwHOGI$z7KU!L>}?9>\"p=KǸI%ճZp@#1q^S2Jϝ5Spw	S%Og<\\ǁ{\"|f(_?@kkh?%LW/qXi:L+\rћݗOH8|2D \\ݗ<{!<ޚ@G^wDUr*ޤHYG@{JX	4NW½-?<`Xv|U][.!<ky-߃xLz+jjy؏5?t\nn3G{y5ff`j/xZ<\0,k\Zu^|5/\'2apPY0g\n1ӿ\nH͜tzu?tK?CmssڱT9hY<Ia(7{O9D.9}ޯң3v\rQk\"SPB\Zj-YeSފ4t\0D]ĎK(\rв抰pVjYFzfC EX0&sX[>MmuJFlh\\G*+ad|	\\	em%%\"NI {QB//%YqJ@Z&<<HSwB+d\0Iج\"@AjjZڄ[sGwSr	lA+ڻpPV|BXixɦY4}2癿m_cWB#v$#7\0!@@\0\ZHsNp50wRw-6&DLڊT\0*A)8.em\riT*U(\"Z[2Pk?ΠIqZ.!#z\ZWBK	P	6w1zƒR	-em%h\Zz4ÄǄJpE%/wɯM?9;9MY[}Fi\"x~XYBRVp]9\r2AkCc6R#m+:b4j̜.n콮Zlm9\r7auGӅhȪMq\\̌fÉP>N4kM g@hbx;RV:Vք[$nIҨ4`Hika=j\0kVڭFjz2#t.*䣆:#E>{\Z_C4M6zFkB$Jv.F	C)=w	wԡZ׷|cD	-%i8h֝ƚs4|=8^7(K5X?5=P;f8u	@34h6(<QBkH4d)S13d3+4]x#\"CT4tpV+6]8\r?Glg;t	ב \"hE.Z9pJY\0);:mz.LQ\r#8EqYlmfbpґ# @Ӷ4w#eY	.JoÒ#czǯS5p*M(q[>5>Z,LGBM$>QnJh` ĖBǃH#,yeA0\rֺz&ORO0jN~j!G\r\rF	w[6V1,d\0rcI6(1%[a)%E^2\rhIj3nǶ$6	.jT6KSK6@$ve-bow<S:dAhm, \"tn\0~zFg~bly$]XmmF3kA xk@!A-ۅo\r16\0	J(ZL9N!ܞ(= E6!MzQkmov\Z ֡[-7L;YQ<LAOQ;5kksƘHǱX+c5ҕ\ZT֖HWKue-=+fb4.֢jMwLK	-%<BX0el$Ah)5>4W >XʈJ}_c\rp^PZJpD\\JhTh<t<%K	-%:ܪUR֨FZJpNWd{l*\rrͣ8#O	.ՙ54ȡs%\nC	et+W(B+)ְ}Kp)B+Y[ݧdR&\rݧ`ɌABAϺkX8.%ZJhJ1\ZŁ2BK	R)jyH	.%j\'ZJ<ډ3:voD	-%FHh)B+(5B\0N|\'\'\0\0\0\0IENDB`',2110001,'karen','Green','Rachel','BSBA',4,'F','Ridgewood Subdivision, Baguio City','Ridgewood Subdivision, Baguio City','SLU','Filipino','Filipino','Richard Green','7896542','Businessman','Alice Green','7513696','Businesswoman','Single','Roman Catholic','Mindy Green','09261324567','Cousin','Ridgewood Subdivision, Baguio City',15,0),('PNG\r\n\Z\n\0\0\0\rIHDR\0\0\0\0\0{\0\0\0徦G\0\0\0	pHYs\0\0.#\0\0.#x?v\0\0\nOiCCPPhotoshop ICC profile\0\0xڝSgTS=BKKoR RB&*!	J!QEEȠQ,\n!{kּ>H3Q5B.@\n$p\0d!s#\0~<<+\"\0x\0M0B\\t8K\0@zB\0@F&S\0\0`cb\0P-\0`\'\0{\0[!\0 eD\0h;\0VE\0X0\0fK9\0-\00IWfH\0\0\0\00Q)\0{\0`##x\0\0FW<+*\0\0x<$9E[-qWW.(I+6aa@.y24\0\0x6_-\"bbϫp@\0\0t~,/\Z;m%h^uf@\0Wp~<<EJB[aW}g_Wl~<$2]GLϒ	bG\"IbX*QqD2\"B)%d,>5\0j>{-]cK\'Xt\0\0o(hw?G%\0fIq\0\0^D$.Tʳ?\0\0D*A,`6B$BB\ndr`)B(Ͱ*`/@4Qhp.U=pa(	Aa!ڈbX#!H$ ɈQ\"K5H1RT UH=r9\\F;\02G1Q=C7\ZFdt1r\Z=6Ыhڏ>C03l0.B8,	c˱\"\ZVcϱwE	6wB aAHXLXNH $4	7	Q\'\"K&b21XH,#/{C7$C2\'ITFnR#,4H\Z#dk9, +ȅ3![\nb@qS(RjJ4e2AURݨT5ZBRQ4u9̓IK\ZhhitݕNWGw\rǈg(gwLӋT071oUX**|\nJ&*/TުUUT^S}FU3S	ԖUPSSg;goT?~YYLOCQ_ cx,!k\ru5&|v*=9C3J3WRf?qtN	(~))4L1e\\kXHQG6EYAJ\'\\\'GgSSݧ\nM=:.kDwn^Loy}/TmGX$<5qo</QC]@Caaᄑ<FFi\\$mmƣ&&!&KMMRM);L;L֙͢5=12כ߷`ZxZ,eIZYnZ9YXUZ]F%ֻNNgðɶۮm}agbgŮ}}=\rZ~sr:V:ޚΜ?}/gX3)iSGggs󈋉K.>.ȽJtq]zۯ6iܟ4)Y3sCQ?0k߬~OCOg#/c/Wװwa>>r><72Y_7ȷOo_C#dz\0%gA[z|!?:eAAA!h쐭!ΑiP~aa~\'W?pX\Z15wCsDDDޛg1O9-J5*>.j<74?.fYXXIlK9.*6nl{/]py.,:@LN8A*%w%\nyg\"/6шC\\*NH*Mz쑼5y$3,幄\'L\rLݛ:v m2=:1qB!Mggfvˬen/kY-\nBTZ(*geWf͉9+̳ې7ᒶKW-X潬j9<qy\n+V<*mOW~&zMk^ʂkU\n}]OX/Yߵa>(xoʿܔĹdff-[n\rڴ\rVE/(ۻC<e;?TTTT6ݵan{4[>ɾUUMfeI?m]Nmq#׹=TR+Gw-\r6\rU#pDy	\r:v{vg/jBFS[b[O>zG4<YyJTiӓgό}~.`ۢ{cjotE;;\\tWW:_mt<Oǻ\\kz{f7y՞9=ݽzo~r\'˻w\'O_@AC݇?[jwGCˆ\r8>99?rCd&ˮ/~јѡ򗓿m|x31^VwwO| (hSЧc3-\0\0\0 cHRM\0\0z%\0\0\0\0\0\0\0\0u0\0\0`\0\0:\0\0o_F\0\0jCIDATxw#y&Twq7KrR$IڒΦM[D˒l,ss9t(KTD\n]rI.73;;1Fw}4BG`0htWSϛ-B)&L:C8L0@3a	&L0af	&L0af	4&L0af	4&L0a\0̈́	h&L0a\0̈́	h&L0@3a\0̈́	h&L0@3a	&L0@3a	&L0af	4&L0af	4&L0af	4&L0a\0̈́	h&L0a\0̈́	h&L0@3a	h&L0@3a	&L0@3a	&L0af	4&L0af	4&L0a\0̈́I\naM呝lGB682!B0\0B!BH@H\04BH\0\0!s#s\0B&A&G\"p>;ZI[l# BBV\0T{	! ͕\rT_89 \"9W	!7TCLj6w\0np턐[@HW0\0:F@\'(\nb@HM\0e eBȓ G\"Ahݛ\0p\0bΪ\nR3 M,m8k?p>XYW=ry!o+gxOٱ<:8Rj.!I.@]L0z@\0@)߾zb8t\'8\n=\0z}Z궛lUgGf.~NɃR\nJQ~F5f^@ࣄPJ#;ʉ\r a?;NUvm땄j\Z\0#/({zmbGCٛ&G\'k?Y>G_~jnPOZ\0\0M\n(R;;_dEbt2Nn7k?;g]/U2F㚖ZglJ)@RJRԩl0@lLLoӝԈWְ*sd*-Z*@6\0\ZRh;Joo28GE)(%tҋc?d*5¤~t.oRJk>sT%]̮%՞.k&@o\\a˿<(>~xl1@ϛ|`{vJ)讀j~vNf?=ϖ$\'ϜK\02݃{ߠTt\nHtP==uhmWgpܚFq}2)?{wHdnJ>t\rGuFDWyJd?lh7vR)]Jo|,1ڟ\rk_\ZҠKдw9V%~.-	<=	vإIS+]t(bI)ajGoZ{7	GUsJagG{pOe{\nk\01;n*;CWA5׺/|ƍ7|\r1?\Z}uʚ[mO~j`d%ljWgbem߹*G#d/]ReTFS-q\'؍LF5ĉ-uhO熏B\07|^gMPOܵB<=&YzI,igj\0LM3Dir C+W~\0Sno[@0S>g@nUn,n6,g{^;ԽAK7:3uSOpkntz3AԂR)ePve_H>\0ZC)\"\\%]\0%Jۍ咜tZ%=[\\U:٦SSt:<ΜbD~5 i#{J#209:Z\\j2[2FF{`C[myC\ng=wl7W)9>ڝbUVEjwKNaft\n|Ve^k_E6WmE&ا㌣lVo)R|n^\r	Hվ~Iv-٢b#ۅ_xU{;X~=oB6v\"P84ZzNЦ6Ԡ뢧:ER|;V2@w;o	+㖝?Ԕxa/L_31gUՋlxk<ϪN\0-ۤ7!z*j5+ojvUR?m%a0>4[8:J+瀘V\rިl;HsK~iz2AxHt~è$\0;K(\nrN,1՞+M5gy]uVڻy?wv.s`c?;L?u^_=z\Zb̢Uqע0]-\'lVox\r{	^=2jNj?[=o<`^ˇ	SFgƭR3\ZeBY\\j\01^Ϣ[)!\\UU]4̷	c.xuqGZuW݌4K={exBf%]b==^=qf\'	bf%(t`ϭDVYcfߡ,7x~&uupqry[_51_\'>?b^bDJ_QPκW3\ZX`(3C(p\0:r=\\XAo,v咀5iαe7GCc^ZGq!=`,aSeLaa?,\0==VQɩfODp9e(\ZXnp?0@/;\0~X\n\nnPʪCYA=߮7ܓLx#%^UΠvm/B)iI=ԭemڡ,#q9! $HQ\0<sU-kyg1l[.	4\\\\Bn8g~lmoGiH]WRJ?Y]ɬZ¦h%LT4ʠ8@\0jZiАD\'V\\#uĢ @(p45Z	$\Z8:f-*\'{lb&KZ=)5ϰh_5~c/\0\0ݶ3>NAFUSCPӨnh\0F\rTj,-)\rDPxu~.H\"IX<Ӵt\0%/l0rIO^\\7>Ip(& Ab`f9UA56bx\ru> R 8p.c5RX\0#8	w<aPd)~g̰yG,wSϳaJi7|O-ΰ-\r{9FBY/,C; @sמ< (^7\'\0V˗KyZ^Y~~\0x9L~-RjB38\re9D@5SY	8@6M4\\xx@(#gćlrIk)en;vwQͦpPYd^BY=/S0@]q>\\i5KUiW6/wȜbMb\r\\	@>)0$eA8pJ&Z6)*ntP39#˷DlhRq\\B\ZoSص%%i\r:f=:sˌ@>t(x\Z/jMwU{U5iU@uU֖A8C֛5r:&U^KrZstO3}a(5+\rv2Pk<{+UVei,3H4mh Tl}ئ휢p]U*M=^uO鞵Y{ߵ2>\0~apXlf:=KUY&~蝈EmdO\\nu@VKzWY>Eٻ0Zev	WyeQjA7%ݓ܎;q\'mYu/t	WYQlﻘSl\0km:lșSCۗV_Ӓ/TvSYuܲ!|gAx}]+cx43^2b;7;1j/tQ\nL2^pս0p(K\rv2(\"xe=މU\0QBw,pHj[F%ɤVKrrI\\.<yO]+\"UUiCuEPY9U>9ι Cٺ5+GTN@8VXr@J욦B+}V@^wǠfK%6A\0;I޿{@)%uj`?[^=^CY\Zu\re.ke  ~ds66Fe%dJ5h\ZߣAS5l\\z_\0xFiFUZ3n,2?,ަP̡w؇Mqk<+1\nPA-k0tO9T#\\e)x*]Ur<_k3vnʹ.\'T4\rwKU_)e`5m#DG#ذj&Uf*zoj L!xWP;\ZX.^t{8Į5{+填[.B@+gFqeH\r-ǻjA w붍\"+ܴs+.Ou)b%8Z;	.%kzla*jl3LuXWei[sx;ݲ	xlـHh4kx.i(*EhښV.ܖKod^<Em9T\'Y4\"ckAQc<!}{ww5ߚbbQ4\\<j|\00\0S[WD)E\Zƌ,:O,S!uömn͠vlA,H WQ\nEZmd%k訷(zxzy֨[BYP B)f?z\rn:?ǡ[v,]Td%\\U[\r\\Z=Ė8KsKH1,Ǽ:,-e	veuG{oCo9W5c㪡ri@Q)B.*Q-5&\0݆*WڵVeQlCmojq\0޳DOh8zz\rdxoB\0MUm\0-o~.Kz\rOM+̠4YL;OZwUu^E5\n]7c n ۊ[ ۯx 4BU%kI#zXZB\Zb#72\nPֻnW_	b?\0k\0q㶍ߥdY\\{1oxIVyb&PJK3ukҁثgO*	@&gVTމGnׯ	En<I1pCk{1$tzs{0:-\Z=Gz^Q)BU5TNzRvL*ʢ5BYPցv\0^\0aG)vոC@\"]9?ymXF5.\\\\.O\\M]f0CYc(v;F_ï\n\"Ian\rA\"b\0;p\'ed:\"@ӴgG1t;#gsU>S\Z2e5*u0Xuop<vvǚ`kI\0=j8Gcw\Z*KzUn;ҨyfR넲a߼Goxk[$q@b >ph7w]GovI\0Y3\\SS5=UЬQV\"/U\\,vĂ?eU\r[YZagŉ%l{	E@!pٸق˓3]k{]芄pQsӲE\rױ=Qb++;t<ήO`=1xE(mCibyV8\0pwV&l\r, RHurmkV+sWQTU^`@ޭfx3\Zc4`?t\"2͍Muƭ]K=7_w҂</BВ3anZ$iOtw	0ӍmV#(JjU	wQD?w:\0?@@6촡q3b:Gr.xϡpˮMr7	E\"HwNE!IgܞhWQqda{L4oKgFUj\Zfb\0~t:?\0n\0l[AL\ZtIei u[UmV=lP\0 \0Vq	(kB\\\nw\\]h<-;7cz.щ	ӴRd?7i:\0Qm&`2x}U\'AH;֯Vm\0׻[ ZM\'J!<6m@y$ E+Ρ+5}\07\0I\'wZģz2TUm[ AU<ߍ{E{l,k˽>\0fM,ɛMll=5ϱ_x 6WX6m@Bp= \0\0b@5Cǐ0L\0v~d7܈P׿45uq\\u^\ZC*k[ @iGHlG:>N\"BY{(Z.7j3\0nՆ6A]\'R4J	<a@/nݽފx,EQHeQPd\\[vo*DC,{C5rmlA5HD2@/<w\0xI/U~zTVA`\\Lf.!IU횭=ؼfcx|\nz\"\0h6\rNU{Zl۰\nǑ6(IY=˧d^x@NZ3E=1|=G1eRk\Z&`8p\\y=]ؾ~%]Ϥ<.e|q.\0J[LI,˓1@/<\0>0-`&zK}bDo9#4#.`(*5@*h.@s;7ml\'\r+\ZcWth\rYE+x0oܱ`#Dغ*;\0j~R\0U\nz*	ŁL\nPزn%._\\7#y]яKW&痬moN1@/NS;b_pFzt\'X$$WQ붂c!B\0$oH(lv>;Dp=7\0C}ݸkf3H/L8:z.rV~~R\\3%t~zqX\0֤(P <>~U#npǚᘾJl`%Hw/HH0 PLul]B5C}8puشfsiL\'R~䙋x8zMblrG((%\0K<\0 j[ٹf_|߉v_I/@\"1p]= qz@!\"Vw=[j\ZƧfL5)(E}]}7@o^??/2i![z[}=IP[vhi\r/c!RHɃ!ѦKnܽG]U=(5Lͦ*[e:n޳Vw,Ƨ;2tн\0~ғw^9\'w<o@Z2B%uy޷!-d4lۀpPĝ7`_ߺۚ\0חt,\0wn)peݐXm\rFu\\TZ*N\0*t:ǅq^TӉ$۾@Y$RWg_=-i\Z?640\rr=}k6wAV;$#nz \0~n姚sQ@U}7>68TE<vĂ&ݒ(yhtq-qdCe>arD7dL\n܊5 (h:.w5.Aմz,\'O\Z[P1ˏsnܳΫ71Gؼ	Hz\\\nc5A!4Ap@6NӰcj}n\n.M6@}ⱱğ/@\0<OL;/p(8x=9=P|!I\r6ۑHf0:὘ǖCS\0==pw\\\rwlY+9],5\'C@5\"!v6\\kR&g<!ڣcN3@/]`S#b nk1V8QkWOW_w#21X#1|t:fnpHH>gT.1,BǼ EBnz]J)g6Z0(AQj.<6l\'4!]U\0[ڒH\0T!0Y\"lCĠMCn߻ݎ+0<)L%R9u;:Џ%νke4N_m-lKo8$tt*x1d<y6ŮխR~3U+_<՟w`Z)6a\0Y~}zW湱H_t?;:	8,#Hw}c)[\n޼K_sCnx汱Dv~K\0n2E@pS@\0*p}+@sВ3z$F((\"m,NJÆ-XϬsؤVlk|nSxL^`v;[GWN+{s?l/3+;;TjņC.5a\r?X$h3t0[y@:͌:q-VccK6?=\05\'olv\0ڕ8E\0	vC=6{!\ny}J9\0_f^ZYBpRSV+~SWI(bƊ=6K(Oγ&5N8x튾svju2C㱱ݶ-3Q\'Ts{#ϟf^y;2\\`㾓,܆S<;Ï\r\'\ny6;pwAHV!&;$cnn}gd֙G>Ïj<,yL;l\\UXv;CK?JNeD0O\0-,^Loehh+e)Kh1^Z/H?:\09rL>MY`t_]-(=VbisgRecO\'ANA^~4ccAZ1%lzٲtI%[$CBto&\0aLЊ`K`5G_c\\\"K/yvvִv9Ls7nǃI}4E-i$j+4H8ڎv?v6n967ÐTJ8˭e<a,H0942c64*αGtr?~Te^^Ƕ˺-cҎNArT=>6P\'Ph~~tb9~m6Y.Va-v(_M±Q/8Xc+Ï\0|n\r\0-JMlҎBBYZ\0p\0N\nm2>cK?<4c\"߲}В	@6enezc\rtU	JmsjK_=\0hKjLjG,o+\0~Rh!j-@SsNX8\"W`\0-1\r^\n<ZhQLM;抌m@Xu\0n4hL^<U{mO(=(SkʯD>[YŜSZZ(qF\rG\rWz,=?82EbT{xEqsJ`		t-P	mM8(Y63TgjFbN1?s\0`_T@gOyv\nP/K?9BG#L0x-1;(eYkR\'\0~YXp)kک9x^GVb݌|\non4*̙c̌[k\0l1\Z0n;sÏ26cӗ<TR,#L9qT	ˮLC\n,$=t/Zs0\0x~GE/Ǣ\\+efYv;uN0sTܩd*N:hb\nE̅	 ;jŢ:%46Ggs\09̀*2>gljTܲ`zz>&Yk1@ϿB,(fs(EDE69\rbv5E/P\0󘜜Nc^TSiDǅ4]eA{z4yZ:􌾭Yz@yyN*ZT\\mF:y$D<4MXN13@*oi8c^m4\0 M`hTh6	:4W*T,<X,brr\Z&A@dUa؈\0AiZe\\2^Dk	Ϥ@p pT/?R$؛1X6t@QRLLL#ɡ<_jQ_N:cĥ9+E63͑b(\0103@/\rm`Xe&A>Co_bfۢH(\"! .uj<7hpgiЋr:,<\nBT\rH&A0}բngS\0ǃH J qq=\n@\0*\0^t33	(<!33@K\0^O硩Un>1Da!WS\\\08N\0\0oM>zA{Eс5Vr)bvvrUI6&t	t;ܦ\r#g&.;R\"0zzJ~XtSZ8_[u%lj^R;ki\ZE*Fb6ifdߴ\0T#R\0LE٬ff2Yd2YHbk+Сi(.c$RHϵQ8C0\ZD@dÎAxG;\\D.x«x\\WEB8W@:kE4!Bl0@/-IR\0)\0 Rt*t*\rB!	HPRP{) #!AU-LL\0)\"A2 3@7Z (\"QT(dsr5|c\0w6G6L)(ADHQ\n;SJ!\n\nrAF!/#L쓝 %6D1\nMQPl#rY\rjl @  xD$xp#:R/\n@4hMU\nX(\nԢmR:\0Đ4\nh&^Lh%	  B\09WpQ4UCA-/,Jp%B\"1S7RMkTsHD\n#4yJN\"+Њ??8$@ (B`6\Z&u幋ɻc$gP\"o/\ZbRM+-g_\0A\n.KM`v\nG*EK!ٵ*\0ݐ:t\0qȧv]F#(B(-iB+BS5P\rN$8pH)y}1σ8iE3>Qv?N|cOO<aE\0{[ށFH|\\@\07+j }4oX@?L_}\'7k5˄͚&b3\0y\"(JAˎ*HcA$e_=n|+O:(е\0_ep֠*\"C<KhD(/br\'G*f}sEjҩN_Cc-\0f}>|\n*0[\0R4>	n>;>)N$\n5f03>Q:t,bɇuҩ\0B1*@5Q0hjO\"ِT\n5Zv\0md^\0uH8(ՊRA}\'ScfAԾO@v3i)4Eõ\r\0}С~6Y\0=N:n2!iY_`$;?\"#b;?1LFPe(\nE\n(1|z]0fơCwr9ɅW\02*EM]R$;>oˡBQDXd\"Њ}鍗=|СC70@/o0a*Op9(p9BVKQL1h\rǙP6@\0$\ng^,\0|}\0e.R{b5jA)ccȲffUAm&\nV(rZPY~OVSe]\0~.RUV)FS*etKf8TdW\"qT\0#ff)&ʑI/BU}U\"J}\0?XK!93ir\0\"մfs\"qG{.epA$yD<ٕ@[ԀJMA;^tԷˈwFl@ Y0l`.bQ硄]^mB@̓\\a4`(v~iS4Cd^&\"Hk|{g5tFEFl`.Pb+;=%0H0ՠhԬjN<{uJDB\\c{Y}sx=zilu=>gd\rP;mu	<ʽ c.^@=Րic]M/5҉HS;=}o={6\\xǻ|A	!\0&l(4cõaC*9BF\'X!؊UVU\rW>ygYYu#;JѪ}\0HSY\nFI)039ycM(6nHy\0_׾vz<p@WyMNNAD\"ņC>_?J\0Dk?M-T\"p1D&O-vOږw60P0ҋ/һ_c+.`ǎۨ8p<\0J 2zKEu4.:l+@	U4LeUyG0\0{2odn!7f#ɬV#:	*^]R|`,`_x\"<\0MA B$o=lfDNE(@9+B~i>K\rnNZAMLej[^\0(Jkhepxi\0_\0?!\0?<,\rHo:\\&pib\'60ח:(L^Mgs\ZdK8,X.?\rGݥ-˾	r\0?-_\0|?>\0zG\0;\0p_3N0\0MSǍV0uqsw`N!~ቶ?{ƄVPgZ	U0l\0{_8p[Qd^6_?	|_zQ?p\'G@O\06s=\n!c}7G HQ)&EG0x3f!	Czt,PZV4D^!Қ>}YBފ8ĻP(4E׿w\0~fE\0`(T	SBU: vt(/Ū\r\\\\p!]\\^`\nzOM!q\"\Zlaj`&U[1|\"k=δ^?9\0\\Bq\">\n\r9\087ڌ&ѣn_Q\0+P8\0QJG\ZU|!qV;v|`57Ul\"#&;9_x}CkmGԅF vh~b<\r\"5=?@*,j̴ӏcc}Ї 5k*y @0GTUm\0\Z3#[noݺ\"yk }6TĿHK%	nD#Q=FLa:ʩ8xQNxE%9GDX)q`=fnxY#u!AG5V# )ry\n5q<Y?%`ˊpTɃ==Dlg\0\0}ѿ>zer9z\0x\'DA$AmL]b\0J%lvR̉gqͭs\"/;$sEYٛ>i_Jl%27ϗv3`jsyM*˨(@A֯@)UU\Z6TsYr7$Q$P|,kG=5\0sG!Gy(=JJov%]G\"F0+I_fhY®sO;V0j&Q=\'#ヘC<둽&#91uR֫u,$&ǑI\'KZK=RmX(\0j>&@\0Xݐ$5x<J=r79r[ȑ#\0\00mX4Z\0?rblq̌:0ELѮ-xm@ qGܿ\r@YEm&Ǿcϊ1cN*wM# ӃP(d;SG<vȑk;)vȑ][l;\0X̵DQD4\Z\r>_\Z t~-9^Ɲ׹:*WeqE/؃I5燮Gq^\\@ȫP5ͤjx_,v~B JL4h;v\0Ȗ-[mٲϧ$C>|JOң0@0D<Gy\'FBWX\n`z\r\0oJJb\0309>-YĐ#м0snMPvգ\0&*\\tp20+x*skW][! 4!$hT\Z( (=w>|8d\0}arG\0.yF3\n#A8\r^MV\0VepUliYEQsb0?T$u]{+z7Pg\rYLmبgruY7uarߖmD]]]n\0Çi{@>|xkx7q#-vm!D\nU|y~y)WQF\0deͬseCH1uv>[\r\nb19@-z	^\08dbb >D-7FcC,Ik@6Ç?UmCq%\nzE?atww#*Γ8YcV[lobvbUŶB.LH8gBMUnmJ\rԪRA#ɏ\08q쩚jR#\\1%>޶CS(S\nj>xQá0qKyDtIX^gtU`:bBH8nGLjUM),νqn6剺*WDCݔ:􅃇-*:\0}\rwSa$)xsU^Y>\'\n9@Fk5\\CHAP!fvn]]\ZFP[TǞմ{kbaxR,;\Zʏ_p@<xP8x\0ſ\"\nqn1_ReEn]O6s\'_e@Anώnu-?(@8bRrFg8Si.AFW<\nP|zA >xoT#h,XWЛ=*6tAn>cUv\n`/S	`s7~k\'	ou	g_xQ>,{ԫ`mTkx9@\08_3=v;k/Hr`Z#`ܛHL^u7i\0V W<Ifnx쮻t6I-.[\0pSΎG/[ri=u[q_UfKwS<~^\0}}\nί:!T>]^L ̓#vK4\nf\'e܆\"QL]~71saMo}	7ژZYJ/{\nE5IZWnG\0A]d\'<p]K}x~q@[՘ǡX,Ţda7>\rh;,\n0%ՈHah~Am]^%TuwiE83@Kh7$	\Z([=z\'w~\nꨆF	ú؍ B!/\Z28q{++\Z[ط_Ϟ\\\Z{߄>s\n5_O{[Wwݴ\r@KR=i\Zu\rsǞQœ5uI\\(ВԖCWw7,rׯux=<_Ϗ*\0^K \Z-ѫ+H%yftǻ}	βfV_LM0<p`d}O?\\?u^ys?/M{֛XR\09ECP5Q7_:B\r\Zyנ(\n^]]lP@*I=O=	*efb.!F\0R)m`)JWO9$\'LJŗ\0\\/,d&?`L\n_K:ްcv\0bGRCJj1(x\0|c}m+\0sAWWGkC#XtA߿\\\ZȦ$R\0yK!*~c3)g?޸0R\Z&PWLjo\0z.]\\,O@m}~o\0lXWK66($:\Zc\Z\r|M\0WHE|/bfMe}7w6W)WAe1LY1\\j2*\'k\0O޿σ]~;Aobe;,lwY8	ӘXp5UlbYxLobd|Wv}|[?@AVu`\\\\]Iti\0Myi|\n<X4gxx?S߿g\nMoͺ0ڏ5]M.i.Lo~eKٓMpQrt[oY)ME<VJIj\'BpiLՈDկ\n-A/a?\\G߿ڝ)_4\0BТ+6XhUUQ,q)נ&H\'60ڟu\0)|UjC]UI<)~ӥy$MwUn}zoeSoP#{~\0pdqQD@km^燅 |1`C3s_zP0HV9\r,g.\'/B>/=kY\0\n.6rh$Gk{.)gtJA	5ߛ!R:{\0;խ\'_<5(xiwUqM+vw_x\'PǙqx]n+*(-zZ@`(;\0}=\n!\nc1G](-cZɉ\\׎\nuL|S:=x_t{k/1\0cW&ڠKu+~.vw#mA7^A%=׉{&#CϏݮbt1XջskXؼ/^޶(8ىIln}7nU+l)\"3R\\ؕ1:raͰwAnt)\0{)~4\r?Ծ6ZTe3%uw\rKej.mrUfpI}݈m@na@yZܸ{mM_3i#OVvd4Ƥv\\(KCwsOw.?Kx_\ZBWͲ\0uu[ReE|c}b57_s5Lm}Z&%3ӽq\\RsOto\"pcM:\Z91,!O~G(pXm=GS6CUY zcz9mQ<ϛ́W7!2kI7_q@ovw3/c6	jpe[\nt1۟l>xd{8\nz\'@yo(gsWji\ZEi)E.Wu/kg1zudSݹw\\!Ygƣ\rj\rlt6$o73}O\'?1 }wXd kŞq3~n\\vadU,0C~^)&gNo;7o;}_+{׼voǝ7\\\0򲌯~Zh%\\xVǬ%\0w\riqӷpw޶pxqNVi0M]/X\'k߫JFph-X1[W{KzGD<%O[5CnE,tb\ZϞ<cU\riRk%{WUnGP)*A_Rz<r,\\OU&\09Ti\0шW$5s)]0u+֬\09\\\ZxW0KK]aJ\r{۴RI3c>\\c=:T\0--gzε>bQg#{&RDOa6)\\W wӵػs+!G:\08/\0!hV5p^pkU[@C2/m@ܒ;!jQ(Iqaxֽ+,X/2b4{ص7GOw=\Z1}/	(3W)nn:ml+l0o=O[pP	m_Э^|peD!:tǢ\0\0_R5>]\'\'CN;?0pl?\0G5%s18S%ZN.1e32vmn\Z@rә&2M-JF\\Ϻ>k[[Rؠmov*wXtۻ28Eqn\nۍw8d6t*r+?]ٲm^ety>[$0eJ4wՒg);H\"iɚߋOcvz{Zـsє%	/^\0f_)n(\n-I6G21̢0\nK738_~fcw\ZhGܾV-4XtM0\0vW>XhĆd2T-ǩ/zw9m@e}{{1ta藗$	lrfũox;fif,֬q׏\0Y.vj}҈m4\r=/PX;i]t3,_~YbEq馞\Z\0fM92Ͳ$-Ncaᦤe2;w(BEH+IQ;A|ZnPKf&IDjբ\nY!2\nrw&/-38Bg\Z?0!ysEiw.J_ιys(KT zD+/_:YQt,-.*vZ3$\'$2<4b\'o@V/˲l~54@ Px+5kx4M+/Íw\\?;֫M\nWt:+WJmY@ M$T\'ׁ@E\n:A\\(xOA ٷj:Ka@)1\r=q>Է\Zt1\0K\Z/]8̔h4\nL&+/IR(U\Zе%3|2k\n\rw!(WPJq΂yڵpMqdi#Irg\Zj/=Wٜ\0eh)p͛7#,MLAA/w+\ZSNNV\0oYp]w!۾:,\n2[X,+/z@{붭텪8slf>i,LonPI~8;wD,kj}g(*9wUr@hlm6twwWA.XB	qAK.azz\Zl߱x!aͤ8,Tߠ>s>}}\nص{b\"Μ>|>U\r<g	ɉIB**o\0NKbW53mI,Ο:i^8޳HbgϜuklYE<E]9\\|z=[6c``g}r&>KN\"TW;S޳p,3́zwZ35ϟG.c|l\0i&\r\r5N\\W&&zeLp@ {v#B\nS7%bmns\rBdĲu0_+Wlm3J6C{ZqE)f0|}\0.\"v\rQQ(p{w,\\c!\\ape\n\0`͚5XvMS,֚|)[@\"j\\cl`{A @PsPTz\rQ&&&0Zʕ+aFo}ÛS,Ce<ֽf;\naϞ=\\gϞCXd^ns]_&\'\'12r\0084[6knF)?8i&Ӽo\\\ZM[ބ `=y\\Ν]s[S||lB?55\0@?mOf9ܩPEuV`5W\\վS\'^зg>Kזjy^pX,]v7@6ŹsuJɨyQ;qup.]\0煅M![Rąӯ[5r\'}ċ6׃Znةo@Wיz1_\nQ/t28\0`vv/^\0qر80}5Alq/lT,Q4.\nt0`jb̦Y^c~lޞl߱.:;s<˽|=b9\\xعõ\ZF+X	~8+(*+d@v_~2lydﾾ>lٺ\0Jqh1.}v6,L\r)a5}gso\ntl\0Y)N`8qwD_^0JXǩ}{;*|\nF\0[jlkrF.bvj¢?4\rs9\0@(B$^ڟo.	1WzS<盅\0}(ܲ3d6:ʋdgL{OLLT$6!UyΝ$\nKr\n+7J@QE\n:*dGS7,ځu\0jy`owyr===m7.J%4Pcbbatt]Ր Nv𐺇Ħ_{lyu̔qs~RK<Z_nTLFÛ bn.L&SB2*\n990qA߯oH$J[ϝzEEv\0tTR,x:k##zrqp\0LJlaɋ=Q|I%eI9\":s%bִ7;JV;fux|kj:XBP)\\033SR旅k8sҾV\r*&\\K!5pdˣUi``	S\'ܢpU7~T<##¶1Nqˠ,lں/Pyf;9D\"\0\0\r\r%1nZ囡ۊ*IJ|rY\\pڤ*lJny!:+災/\rз[v_N,ii%\"}}/\r;_}垛Et\n{OOMW6[rżkw)%>%B\\c>BztM7µ=\0p՗)HVU\'_<^	bَFXiTo/Q$Iiw/XuP@SUׁ\nhFުժ,/(Ԡ/U3C#ÑNQ,PP( NgeylUV8Ȳ+W故=rV9\0`.A.龴S]J~}6/	[dh5;\"J[Ȩ! \0g!7-@3VV\\g_;jt\0{@4J))^%N#J5TC}9bfz\Zjqqh7G0.\r+}ɫP5\rҲKs:j	N&S\0^سdb|2ޯR,btskZ<ꛢY\ZavffXP}xK\0ffpI8p{V7մJɧx<X,$H#f1=3YinrZRir9D\"aB6\n߇)<ϻ\rԎ|}֕Okno鳍_:g7 {\"N7J^TZW!Cx\\b1iu~)#ɴ,Chͩd2L&p8P(@ÅW߇L&Q(\rᖽ\0x&0|Zǘrr|\0\'NBnxi|dsʎ$+W XI\r`.G6my0MVTU$SiBABJ:BV^zSE,k9lZ,S-}%rO\r*J[ޗ.^]]1	fS\\.|>?oK?ߚϙHQd9Pxpd	;:J@Tt\Z}f,\\Zܸ֒G^OOp?޼zu37wv-QVUlf=Η`J%F*F $I$%̽LoARiy\\źuk[51|K\'^1ve\0z*R.<P,Q(P((ʂLJEQN<DQhkVoajj\nx7b]]-eZNBfɣ@-\0t@7/^iA4[Di\ZdYFP,˥$¼.%U-\"+\"sVB@ мSmr`CCCǥKعs\'xkmĂ\Zl4kwbǑf!\"V,W	W4(Y!˲M9<tuA*o}XzNN122\rַΤE0G48VRwp;ۉ_!k֬GH&d%ĭzrn],VBHAhիp[EWW==-cajSusipР5\'%ɪt?\\⁽\04Kbhhh~\nXDX((^J=ǔkA@@ \0AdBUWa0FF.#C#ۗϢ.o~&eXwm-c#Q(Fߧh6\':h4|1o\\X\"-n(@8x^v˯]oM055.a֭U?@,\\$\Zt xeYBZDռj(mLmЋ,LUBB58f0veVl]hgr7b/B${\n2.\\\'͆4MC\0ZEb~H)땙8p<ot8YzF#5.PYy CؘL	q[_Dj|MUjZ\0i\"۳S;93\0xc|l#غuDQlMs %1/B&s\"Ǯ\0ޗ/_A.C8F(F:j&&	@S߆2iTTP8\\6Kyf\'x1:$ɂE3Nˑc[Nwc38$V/]K}q.,#bQOʿ2zRlQ̴A-n<^!XȠ>З\rvy޹H80zz}Jn|y56ğͪ,*VU.\rC4D\"a*tBFL0::`PDLᓅ|HM0IBB#V~:n=22\nYJ%#Rau$H$t:KFy& CH!1\rTBP}er\'P*qutgW\"JABK\"%#\n\"06nܠ;ɼRw;:Ub.;P?xw\"1)pH8䁲O}3l2hDQjes2:Vqba{/ #<vtPb]=bcw.Õ+L5y嫸S6J-ӇBAhD\"o狅Wlъ]	И3\"*w!P\"GiHGeD-g|\ni\"\"~(B&իW2E^B5fޚbxxbP 0\"ֶ:KD GȤ3A 9Avt)CuO;ޅQyH`H.--x#Cd \Z@k׮4 MUZaNccHHAuQ@6n5ҎzyC!d9`y.׻ RȠC\'#c$? ma营xA@0D>֭[kZ텩)d39!\";$xC(ZD{~.cU(@^(֬]m_I3uIҔ.;Jc||!v!0/$C{E k7(\"reWjH($Ju;eEl6+c  \n:{\ZYinY$4ǯbhŠ0+\ZD #l\rMk[W\rC !W$`)38bb<oJ)@M!@ӔKZ\n[7_w\".lʠ^͚|ɥ`4G\"1@roA RHYj(GcOW;/Qh`(dD0[leB{KpC	DIcA\ZrA6Y*q	7=qA=WajynBB\\b\03\Ztf\"nS4\r+VyKDdQ@¦%=O2z٤1A+t\n\Zr)oSK\"\nd\na&0fP kg<^&ؕqPJ!I8c%$bf~ԙtWF`媕u=C:[OM%Szu,7i=Pt	KZO.J\"YA6QZ掜:v\"γ3!$p˸58Ŗ6)V@\0\n_ƪ+!I3Cs~NRH& @\n%v`_28A\0(+W \Zo/!l@暪r8+g&`&&1@aQŝxATOe]Coo/{jB \"kB+P<7PU%<	Keq_Ƽ$B ax(!C7_hnnSBx3-SWivh=\0((EdKh\\B_@TLŇi\Z&&&JYc@@=ؗq:d\"XTU\\<xO}9badPDA_15_\rV-v:rx!(U%d?3@<U]t\0!3 \r\0\0\0\0IENDB`',2110002,'janice','Bing','Chandler','BSIT',4,'M','Leonila Hill, Baguio City','Leonila Hill, Baguio City','SLU','Filipino','Filipino','Carl Bing','1236548','Dancer','Charlotte Bing','09614527854','Actress','Single','Roman Catholic','Benedict Su','7569542','Godfather','Leonila Hill, Baguio City',24,0),('PNG\r\n\Z\n\0\0\0\rIHDR\0\0\0\0\0{\0\0\0徦G\0\0\0	pHYs\0\0.#\0\0.#x?v\0\0\nOiCCPPhotoshop ICC profile\0\0xڝSgTS=BKKoR RB&*!	J!QEEȠQ,\n!{kּ>H3Q5B.@\n$p\0d!s#\0~<<+\"\0x\0M0B\\t8K\0@zB\0@F&S\0\0`cb\0P-\0`\'\0{\0[!\0 eD\0h;\0VE\0X0\0fK9\0-\00IWfH\0\0\0\00Q)\0{\0`##x\0\0FW<+*\0\0x<$9E[-qWW.(I+6aa@.y24\0\0x6_-\"bbϫp@\0\0t~,/\Z;m%h^uf@\0Wp~<<EJB[aW}g_Wl~<$2]GLϒ	bG\"IbX*QqD2\"B)%d,>5\0j>{-]cK\'Xt\0\0o(hw?G%\0fIq\0\0^D$.Tʳ?\0\0D*A,`6B$BB\ndr`)B(Ͱ*`/@4Qhp.U=pa(	Aa!ڈbX#!H$ ɈQ\"K5H1RT UH=r9\\F;\02G1Q=C7\ZFdt1r\Z=6Ыhڏ>C03l0.B8,	c˱\"\ZVcϱwE	6wB aAHXLXNH $4	7	Q\'\"K&b21XH,#/{C7$C2\'ITFnR#,4H\Z#dk9, +ȅ3![\nb@qS(RjJ4e2AURݨT5ZBRQ4u9̓IK\ZhhitݕNWGw\rǈg(gwLӋT071oUX**|\nJ&*/TުUUT^S}FU3S	ԖUPSSg;goT?~YYLOCQ_ cx,!k\ru5&|v*=9C3J3WRf?qtN	(~))4L1e\\kXHQG6EYAJ\'\\\'GgSSݧ\nM=:.kDwn^Loy}/TmGX$<5qo</QC]@Caaᄑ<FFi\\$mmƣ&&!&KMMRM);L;L֙͢5=12כ߷`ZxZ,eIZYnZ9YXUZ]F%ֻNNgðɶۮm}agbgŮ}}=\rZ~sr:V:ޚΜ?}/gX3)iSGggs󈋉K.>.ȽJtq]zۯ6iܟ4)Y3sCQ?0k߬~OCOg#/c/Wװwa>>r><72Y_7ȷOo_C#dz\0%gA[z|!?:eAAA!h쐭!ΑiP~aa~\'W?pX\Z15wCsDDDޛg1O9-J5*>.j<74?.fYXXIlK9.*6nl{/]py.,:@LN8A*%w%\nyg\"/6шC\\*NH*Mz쑼5y$3,幄\'L\rLݛ:v m2=:1qB!Mggfvˬen/kY-\nBTZ(*geWf͉9+̳ې7ᒶKW-X潬j9<qy\n+V<*mOW~&zMk^ʂkU\n}]OX/Yߵa>(xoʿܔĹdff-[n\rڴ\rVE/(ۻC<e;?TTTT6ݵan{4[>ɾUUMfeI?m]Nmq#׹=TR+Gw-\r6\rU#pDy	\r:v{vg/jBFS[b[O>zG4<YyJTiӓgό}~.`ۢ{cjotE;;\\tWW:_mt<Oǻ\\kz{f7y՞9=ݽzo~r\'˻w\'O_@AC݇?[jwGCˆ\r8>99?rCd&ˮ/~јѡ򗓿m|x31^VwwO| (hSЧc3-\0\0\0 cHRM\0\0z%\0\0\0\0\0\0\0\0u0\0\0`\0\0:\0\0o_F\0\0g(IDATxw}&3˺]ԫ[-sNbEQ\\rw89]/|wq8NJN\\c9lIVIe^\0,0̼?`*0`v/?E0>m%R0adiǚ	h&L0@3a	&L0@3a	&L0af	4&L0af	4&L0a\0̈́	4&L0a\0̈́	h&L0a\0̈́	h&L0@3a	h&L0@3a	&L0af	&L0af	4&L0af	4&L0a\0̈́	4&L0a\0̈́	h&L0@3a\0̈́	h&L0@3a	h&L0@3a	&L0af	&L0af	4&L0af	4&L0a\0̈́	4&L0a\0̈́	h&L0@3a\0̈́	h&L0@3a	&L,m!	\Z_kSVpd!d-!*BHi!	\"q@@B@\0BiBF!dAB!\ZaBE\0gǝ{>6ZI|!l#\08Bv d\rG\0b\0p\0y:rn\\r2!iBwޗUCLgig\0y=!	@i1 AԄpy^@Ju|Ў~^!qBw)œw|KEփ^>8Bk84@T\0< 9*X/8θ>JN)MSJ@mPWe^> ~u\0BC9` 8\'uژ:\0.sM/#{8\0wRJRJ+og^ nV\r^vuҕ\0yiKq=ds\r\'R\r0kT~Ro2ၼqB()GO8\0m3|lc\0Y3tybn@hK&5\0(E)7`n$\0oIV7]vA1ely|5;S33Fb2\'%~ɳ{	G6\'j=eBV~nBgc5M\rsTT;JE#}׎XU33373\'sU{=aCV69aj_`0Y稠o)g^8{v&%8!ϥ\"a=aCVBGpBVr6,@kgg5~[?C.y/ھ\09@)4\0b!\Z wؐUnry#\\n+zQ\nh\Z\0@TqUJ_xGezKmR&4ݨi\Z4U@B(\rĀT]z664KvLC)Sl1@M|ҏiK(\02@M\Z~^4nJ=wn̆\n9\0wK_}_l$2@$_JگhFLZ^\\Mg5Ԛ\Z\Z^w4@W(dGpmgcмm59!hRq\0z%0@G>|wRoQMMѸi`,ϴJ,mVV<܆\ZK8wE{Å\Z<(\0=\0};y\Z%a7u\'!q8l[3@ *t\r-qcfcRq&둠ٜKw\rxlB͗˟gD»@?aeۿ4\09R%pN+UM4	\0-JSExd$+u\0JT#HY_:|بe7\0B^$eb\\H]%3\\Y84b\n><T{/\'+ԃw/3tL\'$|\0[?B~L`N[̖PRC\0>^MJsG8^=٥S,<9?YcX`0wTBJ@!N\rfהRHںSuN\0[m\\RiX\r~Ҁ\0Gkq>qT_j%|;{e1+ͲĒ}i%\\8Zʌnr1M }\Z5J*O苿?1@/K0k\r!\0n{lĥv;R\'j7Αtep_{#4pna=4{?\05F,s78l^N\02\\X(!0	pupEpN2ZƞE5*}Fo>N)d\n^%V]l턡Ɣ=6L{}p\'~zo}U)#q-?}f^vJ]Pd!V ,-T1iIW&\03	 sL2en>	3E>h?cM\0\\\0[&~C$k}ن1i-MBۮ~Y0#:p23W~إ=sg7a^rBw<θ+aE1iR%9וԲ;BU%h*|lp5KH^RzT]`[v92B*7	ph3h\'p0yKc՘wv=L.ܻw]\0я\0OXw\r 6 s,%gYxo;,_{<$zpgy.(\r\Z(ٿ1$\"T\ZVZgv3L|\"7:jL&&rz=	#~W:Ȃq~Jŕ@p:r>^Pt#[͔>(b_{]E୮I-)&\rnwlIr}{pS?\Z^eӓ~ܱ+o~QM ^pbp%Ť	!\0%vgX.,2\0+\'TRnZqH7ۏ\0>\0`ni\06E+xf\'|tTsg6Rc6p=apDsu:lWcRզ!k8fn(])4s\0uukքc҄acp1ic`jAWpL]ᮔQ9;̱(iVUg޾0@7}7QNKSJwA1R\n(i4!fL\Z1iŤKj\nN28\"4Hy+;ʆj;%& Ѝv#I%Frn\n6@)&M1i9R?\nJAS\\CAnZCem\Zhd.\"/>~6zP`8`5cnܵ\\	7GĨAk*8UW,+@DACU\n\"a١^쐯FtpJ۶zQ3ٞ]`g;&ec5Ϟ4I*%/s5AǪ5x+ZZ[+{4\rPUB,C͡ΠΠ>L[n&ģޗ(;ia^!\ZxJ	ݯk\" _!qa\n{s}R>1U	ؘb]r?R흠SvqL/_,Byhp;rק\r9úk=)mm\Zzn~붎~4cg;=de˦vrvYؘ4{b	}q-N\r7\rIꥭ@+P<58\nԂRÍn&|1.*:phS}L^d!\0}dͱ8u\0JyM1ix>剼~)b;Vƛ/X͹^X{ԭ])CFnlJ:\rPa\\vjwC\'\r5ץȆM~zb\'!Hsa/sSvI4rkYoLڛtv_?wνx@V6Fd&\0WeI&Q͂Zpչ*{iE\0n>\0Dx;6=;scĤݵ]1i\'8s)m=oU{\\{aq:K)\Z\nY&\'OOC-*Zv&_;\0Ho_r;LJ\\R͘4\'dRR=eu{c[ޭmT7bjRw؍XK:N/@SSMN(}ey-?z}byod^,6@`8&O1iMI[þ`ߥ*Dlؾ}g*mWwf4SMI#79B>Z凌ʑѲ׫\'{Oa+.vZŤF9x\0E^v~;u`U9ҨKŶ8M9Z0b.ܔ~֏(\0w6:\Z>;G!	+DQ1iPǠ\nIB^+d3zVdg0::b*6<*L5W=8EjA *;DeԊM2Ne9.W=;-+7j_6;ʶ\0|bŤ9a߮rnp=kj>?СTlbWJ$99hr6\re6mp׫P%UpivSMqwi3u8A󬴂%\'rƤ+oÁm;лv.]_|-ZZZJj1gHʦb\nB]3\n1%VPUlpW_Mn\ZW?7pl\')w-T\Z@W\Zs\Z;K^\'~=Ԕjٱش+{W߸ |m۽\Z㸫\'O~εĩb{W._\'.\00@M\0hjV7AqxG^m	fC//n@D$AMa_oP}6\0.4h=q:\\\r~Np3\'w\'.Pws5\"\r:sMYUPIΔzJ$4A\\|ѳC/;zBi\n@\0GKjbŤ9KJbNu`yb\ZKj73>WwĆUk9gMI;;ل?xBU59g5MuUmd+ +8׋\0`di4w6UC!_ۘʽp`5I%\'*RuU\0?l]\'v[ζlY\n~冺\0~N6lY=WUKI0̅VS\0	Pb繲,Pe%\0p^F%1iu`ZPw~\ZugjHy:pmv4D\n;o70>H\r mHƾ=~jϝtZ_\rhg_w3Bާ@)]w_%pb]<63@/{ɦ }9fw4_|_SrsME7lqo)=g*zhNn>t\\ùssμlD[nm8`tFc\"bPry,Cd=1.S}֨RۦJ=K1iI4sٷb,wHs[s+ւt@p=+b1Hxq	J>RԞWO#ca˘>M\0V|qRxqW5Zypgpy|=j=6xzi*^fV\\xP]\04\rE0t\"4Qņ	w-v(P5U\\B+=7@\0ՠv݋jp4-^ᜌK}G6\".\Z9d9zK%3lSy݋f߶xl8k lo#nV4RlM.e%ry;Ӡi^\nI,\0.s,+XSYP<ܦt1{eFX3mׄl}`RA2妔+;n .k1anhP@am\Z8)qVO̥E0zN*[\\Q}2\0b=wQwZ\'ux;il\n[$%	WwNumM\'d\n{ۑH$u2<!)b{\rRfK4dlP37̉;t١rz˩cź{(j+c22jqg=nmMnGWol֊ov<hAAg[:Zqul.C4o\\X˴О5-ٴ{@5\0m\0Z_V8T0b.R*OmM1 |6CU\rh\\kVW_!WW/alz2@v&xTl4\nݹe<#y#a5FV;}&RCԹb*cP<Q\'umO/ڛ_H5n< l\r\"ubضvvo؊d<bsUlQݖ*0Yp:G-S,Jrtjf=G]5K<Y㣭\r$uZOZ!l縟TߴVx&CΚvv@e=u.;T\r\0mLi̺lyrk$Jfj7!b iF_9\'PMZWA!Xٍ_M6[;Ӡ-tyUv	1<b^b-c1]S]\"%!lkeI%Zk-4XִM8dezKn/γe9@liв[l\\ͭKNF5~w9rWw⺾H2*fk*ZO&	jPvOr/+놗۲k%}mIУWRnͦRa.M-ztz\0سq^ƕO8Oi:l2sU	|8Dׯ쐟Ȍ_AvS{k]U n8d!شj\rvm\0OMŦ*v	.\Z-ժzXzIzE\'f|Os%mwvE(\\n[Kav߶xP{]Ij~Nѱy^UY!)8Dwz1\'&\rߘ9ccW\n.ۃͻuV&$	Bw{4ZӨlfcS#eK	liEƁg2\0=2]ȲŤOLڻeN*MRLtz#5|xuaӚ>m3^`n@7V]Ee\n\\ezed\nY28k/x+9Vg@vv6/kq֝\0Q5O\ZCb@,\n</EkG=z81QoIشmͥ\\cYƪv\nOAشۑGTl`/N\nFFoܸ $Q,C١%n7:\'˛L6gĶ\rlkl^\\jFDUG[;ښ[pCKMUljw]|\0۽wz\'zWvlUQv.c#C{3^9J\0Gp4\0/0V=[uZ/IzF4\'SUl#+V$!ڶO^Iy\rFF*{6+Ť)vmَmTLكzG\\n:p&Kq|F$BV֙\r`bںq3nfN3@/Z.(Z[ڰm3׽*LJ~M$MhkiuWu8=:6ftwv[oGsS*;dH40&\rx>\nw1֭ m:6DޠZTlVJkD܌D*ݷށ@V(1BɃ_A=J7߈6>=Hk.j:&p\r7`e`w~jjJA9ܮJb6ĘoFPpV(^.\0P擭/( \"rmLw6G5IpM)Twt&/P,\0O_5[wdo\Z8\0pr.]voѵe\r׹V#5߭Wo7H[nUlJ	B\0,ztsC7e>z~zPxŤ$mrGq:;3]zZܔj|Ulвd4EAj=q[R}~9fgں\r<\\s˵v<&s0:Vڏ![֮bIXjT3}%f,n\rqIЖ+\rЖaM^ŝVq,rYr;-eIu:jdp#Ux_`^XyR@j 03ZOZulݼ%T_$Vb=+{j=2@/<X?Twlmny1M7<=wo\ZAr3wDwWWTńc;	FvMxLIbβ9WIzjqx࠾M0B{_:aNڴ~I晨Mꩉxw~{Itemu*FbhyzI8!=<5֭Y;3-$lCwW7d\"獒ޢåzB\'#aG<QV*M`0¯\\ﰧw؉5kЭrL\nuMyǮ;2@/ro\\;KsAo[r	\0r+6{Ũ {Cd`-emtC}U#(fOWw6\'da49Y(6#\0:T$8WQGm붺aO>t]E{^Հ[/]ugVOO߷tkj5|c7oܠoT,b^|O,@Z}r|8Z162]--z!(f8$H}}AF=\'bKStkT@gkP[_/ym\rAWX-I@?Xi\0ϸ_O9DC+{p2ĸE?wŊR֙Se)MKx#@\'7#pNbqpmN%I\0ZbgzժЦ\Z/_HzSu`\\a.\0xqMYsG=zi\0mͽ$q:2PDJ?U^=K=H>A\01\0\0:du& k&@VVXKQid{fHdVAFvC>?s>]0,r=ENw>zRk\02x\n͢diIY}\"{6\\r\0>$åxS>Tn[-2u~A|u)LQHyOX;q̈^Ԅ}QC7K˔y=\nKZ\'붶YZ.ܥ>-[>݊tҥ|H&O3@7tuv~\r%FR>\0\rKy/y@K<4\0ehiKYM-^qJ?;^4@RoqDٜ1|_ϲE\0p{ZE%I2	J۝9JN\Zf6}Y01+sYss45!炦a^:jIcKtCcKޗS2 dv:^ͰrDK\r9_cޗ\rCK<4M3,%)^|z=<L\Z~/y4c𔜡i0g8hWrˍ^@3{I|z*S9ϼKAݞtC\'=\0|^:3>&͎EyL(z#^{XÊZ8ĊF\0\0F=WfQmtCK_V\0ǧ2=T=_WzmnOccIcs.Lrˇ|di4@OٟK<2@//!r,F0yrTeس\0;\ZE]\0]3F˱=86$<	fYLrm\0\0S \"Ŭt|k=\\d3QRP@3Ӌ/DİsAyk9Su{Ҧ\'XXc7{zxPUh3`ə42tI\0**`0Y4]s?J<<4-߼61\Zhyzocg]kxgI6ZHYCK<[CG\0x(@\Z/\Z9G36)]T69\nZCeg鞇X\r)CXbw\0oAL\Z$Zh>9?J<wCWb)\0\\@Aa4_R,i\0X99ʈ*_5\0aRm\ZhW>&_Fb*w-\0zQ61Zh.<1203\Z{@.=\Zi<=}]0\rszZJ==ZܵGpgMM\'X+t̌k<ۯIgg\rU33=16fO_NCsEЉ1P%\Zj6\0+Vb=L}wēK~u,W)\0yUnd}ϴ47m\rlԖ6sUM69(:\';r7rϝLMMdS,c%YX,\rff` ]LLNZZlk\0xN{y܊R\r(k-Wk8EɩihB(HK+H2\ZP+W\0!U`x d\ZTUCgG[\0iV-Yv!%Sd1>okd4yB4EEb]]8eaT0#IgGM+w)3<O\0Vȍz>Y\ZxlB,&3U&\r:ijI$,i.b\"FG!ˊXz~UnbTTE+Wف2nh\Zh&\rJRXI)hnVWCkJf7! qV2a?z6$P-VUqd9tuu\0USu2\'@I k(t sBubcc9TzZ?1+e3Ys9tt)f^\0I$@$	br^q≔RLO`rb\ZRkb$@L003@/>-c8r)\ZFF13AWW;$I|q\0)f\0plQ!WUЂȲkmLFWc\"b\"lšr;\ZS	bم\0qU45%QɼvnVϞ8B^\07Z-3qAg199\rpzٓx1\rAW%x@tTǥh_irU]q:9zl#:qڷT4j@5UW74t:ə#MF6\"8b3@/HI1IQ,8mlv,$IDKk3S@͒˘N#B\\1\np<))Ba\0h<-I\"v>\'#1:<TSM)R= dtͣsxRBB,cCaL@Ib`X(VL:L:B8R$I\\T#E) c6Cn6U\rVoh*Ћۆ\\L!&ŠTȳ2|A߸=a6x\\ I\"$I()PdY\"+\n߿ E	\0\" lhP2Yv`fu6t\\ bQ!1<q	ڔ4\rAUUE(XDPDPj\n-Xk-t1t}S	S	h%\'C+(*[AUeyy]33@7t)}@u\\hirݮ	<Iě\ZE!EmlcK8A1)y\'ٰ&,O#x\n\"ZIĲs_TC-(*EԂ\nZBB8oBL\0/\njRݘE\"E	GwjfK*G\r[wo={\rV(O@!JiB-jTi\ZJ=7\08Ĵ9t	x_МԊ;?Q1co/\0?̧?e:E\0n[>$|̂?W`Ufk-$%<sKŷS4̧?\\6k|f\0p3E\\@DQX*#AO虪V(^=s%\0>uȑpe.ηr.rFFFJM<m$4Ay	c:TQ\rPpbd_#Gnc#̼ξ22\nd)Ռ?IaC26& \r0DzZFeh7^\0dY\0)T3nb\"뀩\0/b_Gs]\\h\0.o{e×\09#K%fekp]j2Zog.~$QHf|A)p%?Y#G:Hf6W:-NkHe|h<1Vڃ\08&L0&R䋺TpR״6qȑ}aU+g_,Y\ry:\0hP2@ˡ#M2w,G-PΟ)wKefaO^vr9AQwp\'0v뇡mCSTLa@Jme>SL)%0\\>Bh\0F2@/S\07GeC6Gj{%Na%\'{fL!F=f|P*Hn^-\0W]6nFWҪD\\	Laͅd\'oxo(ɫ#9v\'XB[e&7&^̄g\'@Pg5\"JqL \n%\ni2GLF\r2V^:BJW\0;|_|YjM\0e\ryfSDQBPLv4ؿjvrZr?A]jfX+PB~mGlg^.7Q\0O>㰣K)gUdfQL!}PZV-L}G\'wlBy0j(90K~8!8Uo\'	%3sQAlJ~+6lGfl\"%8ć1yz\ZT9\Z&܊]P<n>Q(\r`? .7ǔMmӭ햛SO_.~7\0xyh7\n!ظ{;55nֶ\r\0!?jz\\|(zGMRY\rxՌ\'G/Q6/^m)\'\0|	\nt8	M\0eW]hjj\n>)Ɠx˱UJauf|U_*#\'r[krb8B!l\nď?i$p9s\Zwd\nC}hf\n\0qTUCbr_!?Wjn\0%DQcI̺MP6̞g &p8ԽcV6}NA@>	e&dRyw6\0\0铟ی\0ʪ+ȡ\0\\O>Uw{l6NT&*\0!vAB\ZNvvXU׉\Z_~/(J1><\0|-4(	QvB$5j)(d/ \"$yu{.B\0xB-~(Y8Sk6ݣmnJӑ& V|\0]f\08~<n0~u@`RARP*&#R\\8,\ZXn0i8SVeeo\rS8;5Ϟ3[Mp/^Ra@-m7@ c̋^]=PO>\0ß\0_T8(I%	,GBJ>pgz._ \\A$a!LqB8(m0uQĚڍI \"T6g/~łJnEV@A2DAQP(TUXV\0?K}\0Vx^&c_u,\nǇ1y:WT3Yl~:LqtBtGcILpb&jJ沧:ؚ)ƭEqx$Y͒\0>C|i媾}\0|R^\0ZS1Vi(!+/?U}@_~,[D<CsTv\0r&bEǋ_X}J-Hp/bb8?PO\ZTZ*䴛^NdoY~E	B\0E6\0\0>~#\0>O}b#n\0Ǐ	\0G١FĄ87hf,OvVLH\\<\"Ԣ\\̀nWfl>0qeVS|?)8RQ*\ZJ/QGF~+՗3O*Ay &H55c)Y0p?~|dǏ\0`4ơDb1i4)\0JAADH.)\n.y	w,f|At^Ek/fދGgA4mмki;|^V)T0\0BǦlgkJU|6Z]EAkk+\0!&@-\nPj(zǏ?>O=mL(.ȡ[8W9\0`姱qA_ ;T$1<-n_+>+*Pio#@L*WO!Mupu  !4)oǏ7M~^\0U^2yDd1A(!t7*WAGʀNB`r\n̦H-<t? ˊ+{+1I3aTقXq-,^|yqኙT\"D!$	T\n~\'P+,sҟ>_{y\0C}CSE!O & \\us!b,?x*r8+7l\0si`\")r֪r`6ŋqFK T3Y݃:ԓylBs\0ٙ)<n0}f011nW3H>oXm;cZ{С=3cǺ<	\0`kMq,D2鲑/B\Zzzz\"/\'Ql;ph60KٙJ@ć5qd{B2VDAVBq|uA*NOn>a==3iXk5\0Ep<YC\0p>3w\0;v0Y$$SMH!%հp[te_>=(β`L\'1}\Z7s`^[@mڜkuYA5{Ht6$I	{D2D2AUpرco\\>vN\0UY$ ÎŠ*T\"A5ϿTm\'*Z80	LZ,^\rfvjY-\\5/?tn\'d#W_@M<G2uF\0zر/;vlբcsǎ\0}k` DqNzQtX0nb?*׻lyILlso6Z{\\Ei3n矬\0n:<GE SǎEc߿?\0şB[ңDISW/!\\]RHP`UHQlJ<Z,QU@7bTRU˖v>ӑ\'0`$z;g<Gu+(>w.(wS%\n{˴H:+%&h.\'\n \"\rUUO`དA=.\r8[\rUc\'Am/>JH4pYJFNR1\n_;^8\07\0)\nB]Q%attdmmmU{ +^ں{ֽ\"S\n%cqK\0Bٞ9M𽾞kԊJQjK6rQeg*p,cxxxk׭eFexQ]M\0{O<s=\0|4r>cCʆ:,W[}\'CA`&>`O`aP^*W64\nS]A8,W 33庶O[Vަ%α\Z<DIJZ?mS@=zt\'QU\n!C2pF\r:mUXGfrnf$!T`頞~j[@N5Tp$P?b>eH64Ͻ?&$y$S)_G]?\'>z\0~\n CA\"@<_ۜ%@GdJr\'\r ;4 ;T\Z4pzԳ4Fp\Z>u8Xj[W@7oҖ(3 NuwE<bUSfJK?oX	4Ql>Oʎ_K:(AM=qf?OWm-װk<L-ᬫ|\0~n\n5+p}_K1Avhfedj.e(r_}25~W 3G;0VʟxzS?ų*|vඟ߉n p0ÈngMsA4MOEEITo\nGJRs߾#<US̷DqLo+١mۆ\0vÛ~XY0<d`\n}/xJX/\r >ۯ_mAԯH)k3l\n W0+(%Q\0ⱿKɷN\0gP(pR#/(\nQ>2Gy*}ݷQH$P~hĶ@Y7zS`6yT\rtZo\0Y%\0 \n~T7OJ6밯iZfIm&b13TvuGF):#O\0}7wru\04V5$Rn\\(_GL֥M>G3gTj\\j|6\'ܸϜ4FH$%%VPJ{0 GͤF8$#;/kfJ;\04_u\0y\Zxߟl]ؿiLd#wOp[SBqgQ-Heo~6|729RvPȑ@/F\rv]%c\"⫧-O(Mt<;?B^)Di:{v/Q{10u=rpY@9rd$ Jx^X1H\"Jl:p%yv	Q\"xF/\nм6Q6i^gLr9A->hBp GҖ{]yb#G)et\"(sx&dPŚYvLf#9\Z#i|J^:2tK_ir=c\njj 3hYU)IJ?R(Ƣ8_@9rn[~DV[-r 3꒕#:gşи3\\W\'$DW~N Ht2運8y~ʁZ8G\0(yz%G[DNюhC8<՚w9rv)Őb >\ZX}lBBY4<PB\\6{~S3@ssmy9V#Q^̘\\dͧ+\":\0}\02v\nmì\\\"+rX8,\\8_;)ko?Atkv?/	ZA-#Oh[ԊAYb|GC>hEIc#Xc!Z4fvn,\\H^x?(ip/&pvMo1d=loW{+-E|?FiEPxzoe^Q񩎽ъrab\n<\0\0oZs:7U3ǆ+\r؉9\0qz<>~ΒDҷ|Æ/y֝BV[]yalr?r1z:&±,8URT?|X@非UT\'4\\̹\rmWBs?1> ؟3EGk~Y*\"a~gmX|	ӝ|\\Rѽj\'^󪖽MY.j2ʬPz\'k;WP.냡~,!3{Փ/	c?r.sou/^wA$xQd5׺;;nBOso?,&geA-Νz	9+bUަ8#/Kuwr8ElA(vV@z0쵮\\DQqil\Z8z.9؂[]!n@S[$B6[ݒ$57}w~\'?vfwdW*iqX)-4>q\06ER8n~ܾ,\\?c(1\\1&aǦerce-I$[߿s+n=/(x]$}~ի1zRe^#{FYՈ͂:.s:\\ybYɣ4G0Szvf.bצu0dx%gRKS\nڋT_l\"Pi-hP\0veZR/a&q<Yܼg^AQUo|#v64g|sUyZce\0md2Qb<ƪc)i-bY7m1cE{+I0R\nZKs\no<I\\:8XxOmvgc0LqI>QmhlZ5|?EQUA)\'_L&\0صen;pBstNOd#z*)\"<nݿBSmwe:2Ԃ\\	k{n9*9=9݀7co).9m:p߬~	+:<߅5=ٜjFm8MTՇ6?}eoڇyX\\k3PYϱE;g\ZnY:q	5%	v`/ZJ#| r<݅,PUet\r݈\'{	_عa5~4\\o6m/l`/X\\]Ѥ!nb. .kGq (bfUpk۪4Y$}\\6\':]m]\\/\r;`QB*3X#&HxPTz,\\dym5KzrDS#\ZC+VG_{>~{*n>-9DGJ\"D,G\"2\03?Kof*WCdk^#seh\0IW \ZQ@䥱lrATHisS[`ŢZZZ怅˟B&=斪#Uۑbz$Sw~Z=?j޲SJd\0Z`?yoO\0d&95W\"\nJ0Yv▤%EF%Lmq̙~.XOb쩚&t1\0\ZF]#P~^mOmjnj0,b;:n.Wm \\XPp`èχʾ*lPӔ\\Mc,Nӯ@$HQǒd9g~==Vu\Zzz,M呞ՋZ.Pr^,ː,#Nczerȥދ/2~6sxUU1::x(Kqh\0$Z9n=!|Z\0Q\\5d&gܑs\'mLp+EQ\ZUd(Z^W܂vy~1@\0z3\\7dGG\'nFkP)(s㯢(@:ZXb֖V(pؾ`6dew5w$\"s\'˗t:h5U6(b	\"s\ra`RUn 2\n\nb6mYx\0\r]#G3X;g]T	ˆxLOO[`^\ZZ(c\"s(qRs@s@w>s\Z{7qggODS52HI!~^\n[njqغe+=r2nGdy9LLLyٳM!_Obm58LrȮ1x$&;j*pI\\:Re;#n>6[}Y8\\wu!͈+])gO<]垘R_?ųw܅v\'O\".s7\n{p/P]*qصk}Y0^sf&BG֦rf\"ezTv\\	pZZZQ(pIrec[l?qm\Z!ؾ}:;|A;+3?`wѬC.w.\r+Oe]8qسguP:|>$ܓ&S	\0\\pÆgVTT\r~9^KP\n=	MU+;B<&سg/RE\'*O_^Jwhlrsw;1\r\r+\0-[bUUpUy]ʦLGMɄΟz)zWV\0wH$P_+\\{ҥ|E߀mMXzM,iss{ߩ)823Svig\0n[;I$I8y$E\Z~/P)~&W%5o]_M,;/=MB6ב}^~öw>b1yz]M\ZxGKtLKF+W144\0Xz56nTv{WO̚uRG+:Eou&$Ap+P\\ohCW=ξ6s(ø0][Ս]Kg^|b\'fУUɱaLzs>R+{R){=xlnϜl0V[ͿX`<۷o6lPBYHײ&\'J04k---=yl~eiz1-cll:sR~:Jea3ak#UUqe=[W.~opWصk78C&ӯ!KEl\\\01zcPs}Y\0Pϗgfi;Ƈbz|]vRޝعs\'!Hg28}%;&kM,G!=19%op36;-їΟ\'}l.Z0peoa99jww`33l\',\\\"^jڹ9b%`\0wAஅݪyo\ntww[fK=,#=ݥFmck#]8!+S|bc.#=5V5\r\0d2T.\\{ƣH~\Z\ZBX˗fj_2qΠ*,22WB-9qc\'7ϳ1MW[nJ}C]#1bQ7=V\ZgG`h\ZݣvYLNN5g=ߕ3COšte=VtvvFE U7/OV[@^p>]t1-LiYRh\0_yiBV]5G\\B&=#&]{rrVfyH\\NB7	7~0A+pULLL`&=fSaTL2/\nڝ3G6xG{+%iYռ[=73xGOOO+mX8WAWФT鰳yar*.\nkeC9msUfxcs3Әm+q3b$mci\0C&&A2/;fU|F\nL^x5gb{bA@ކUg=4K̪{ pymx0}VΝIf.{jz\ZzlժUy%N3%Җ$mq<VZ\0䜳p95Qmj7;SR=3cigGLD<=`dť8KJvxhĻ0I朅+йPUy:$&FDGԛGGG^zmFb 4./+ʲLڵku7Ȝp%=i<\';3йSU7tM>呗e9eEQ]ö]TQ4J{ٯ$i]2\'3\0̌1iEh}%yBne	\\.M\"ᳪ\nr6\"V#k׬4dYš%-/:{mM戡PP<l,-T	L	͊ҥ\0ZY#j@W=u˲ҰT[=%{+W WzoɺǠMD=f\nQۻϱaEQdӃD\"M\\-0(dk\nVLj{OMMaXnei\Z,d9j4j}X,bf&x\\$5\nU&`}z>s\ZSSGgggTr v؅GkXH\"!1H5k=Lс*5,ː|\ZE?|>tzv;&H$c,|d/׽=bYNm(J׬7{_|	\\ `ˢ(Hg?tfvcf!yQQ찾ceJLMMAĦM愅O\n8O-[36~3{Z#׮Ygey^4>EQ +JUa.J4yeXbL݌uU9o:=w##TĹb-Y(St[ں:*Twy_?o#|̪B)((\nsRw1gL6L6Y-jJ5Y3;ʳm;/)\'R5+e64F\\L&AauKJ4\r,#1Ԓ!bj<ryXX1V\\r.\\\r6ԙ˃Al>sk\ZR_3Ulnusjϯ֧*\"\n¼o fUU*<8 Q\ZL Ù3g0<2vUb\ZC2ԜT9]V-SZۦ\0^=*4MCgg\'Z[ZЈUq4M@\\,--t!4ynPU5j)+yXL\0\r\'j*\\rnuLS%Wz/25]QQªe˗/!B%ﶼ,x\"TuBm3bf,ˆ y</aͲGOOf3H0͛6׍+bk\Z\0-4e*\'D*8w6ŕ+WuK gξ56D:nY [ׇgNc||mm}q-+SRh\0aoUꫯRUV!H,MJ>ۏF!J&bSw8q6(|y\"ՔB< {.*S.e2S0Uރy4865O1FJa\Z?|,!A,p\0q\\Ut܌عCdvTy?֒\ZМTeRqdEbq!&İn]\"igiT|m%.T(xdqbh*+ffqE8Bm,\\^y盫Gǚ3ԙTCK3mR3{˲l dijX\",#QG)-k#B,㜏Ϳ~L@зn=Ξ;kҌ֖\rhy\0^\n\n胠yNӚ؛RC4]KER\r۴cfٺ\Z{3K0pL;\'\0U14tعs\'$Q4ݒ_9p~5=44lhmkC^[49T\ZIh\rBB155cNU`9BSt@.RQ{ctl eTn(	agH@󘝝*h34ب<.]\0!]a*,	o&.\\ѱQR)GAZ\0.V\0Cˇ/4!4+|7qaxVU멝]]EQD¡׆b8T]@<BHeD\042=e 2Z[L1ϋ~>ƱA@WgFFGp<oێX,V3=\0m\0]g^u*	N\'ó+1=3x<{G74C7ZK8055~lټbZQ.h\\x4ccv&#R.v1KssR,.^@P\0~۱E)!엂wHl^pSf1tqǡ{m̾\06dC6ށbQU$,;W룹Ty1MA)Eww!}9zv[00\\QV4d9)K@\\_L+|y\ntw@E-k:nchhRThw0o>V2̛U)D.CaR4?f04]\Zm]\06obKQN+`|2A*˗N Lui\ZfjZDIމb~6,nd:6\0\\8$)%75mEH$Y?0ٙ6+M\"8)_ak\\$1xe1E2RZ[Ah({:6)YS8pMOOKzLW&E[HҀ+NZZZi\Z2.x._\rll{\"224..:s|C8lتQ;azf\Z.]իC\nNA.}%ƛY^,\ZEЍ¸˨SۡQ\rFU\0~o݀	̃9E_.b\0Ъ|xGm\0\0\0\0IENDB`',2110003,'dino','Gellar','Ross','BSCS',4,'M','La Trinidad, Benguet','La Trinidad, Benguet','SLU','Filipino','Filipino','Jack Gellar','09631231125','Mechanic','Rose Gellar','7896542','Social Worker','Single','Roman Catholic','Lily Gellar','7893215','Aunt','La Trinidad, Benguet',29,0),('PNG\r\n\Z\n\0\0\0\rIHDR\0\0\0\0\0{\0\0\0徦G\0\0\0	pHYs\0\0.#\0\0.#x?v\0\0\nOiCCPPhotoshop ICC profile\0\0xڝSgTS=BKKoR RB&*!	J!QEEȠQ,\n!{kּ>H3Q5B.@\n$p\0d!s#\0~<<+\"\0x\0M0B\\t8K\0@zB\0@F&S\0\0`cb\0P-\0`\'\0{\0[!\0 eD\0h;\0VE\0X0\0fK9\0-\00IWfH\0\0\0\00Q)\0{\0`##x\0\0FW<+*\0\0x<$9E[-qWW.(I+6aa@.y24\0\0x6_-\"bbϫp@\0\0t~,/\Z;m%h^uf@\0Wp~<<EJB[aW}g_Wl~<$2]GLϒ	bG\"IbX*QqD2\"B)%d,>5\0j>{-]cK\'Xt\0\0o(hw?G%\0fIq\0\0^D$.Tʳ?\0\0D*A,`6B$BB\ndr`)B(Ͱ*`/@4Qhp.U=pa(	Aa!ڈbX#!H$ ɈQ\"K5H1RT UH=r9\\F;\02G1Q=C7\ZFdt1r\Z=6Ыhڏ>C03l0.B8,	c˱\"\ZVcϱwE	6wB aAHXLXNH $4	7	Q\'\"K&b21XH,#/{C7$C2\'ITFnR#,4H\Z#dk9, +ȅ3![\nb@qS(RjJ4e2AURݨT5ZBRQ4u9̓IK\ZhhitݕNWGw\rǈg(gwLӋT071oUX**|\nJ&*/TުUUT^S}FU3S	ԖUPSSg;goT?~YYLOCQ_ cx,!k\ru5&|v*=9C3J3WRf?qtN	(~))4L1e\\kXHQG6EYAJ\'\\\'GgSSݧ\nM=:.kDwn^Loy}/TmGX$<5qo</QC]@Caaᄑ<FFi\\$mmƣ&&!&KMMRM);L;L֙͢5=12כ߷`ZxZ,eIZYnZ9YXUZ]F%ֻNNgðɶۮm}agbgŮ}}=\rZ~sr:V:ޚΜ?}/gX3)iSGggs󈋉K.>.ȽJtq]zۯ6iܟ4)Y3sCQ?0k߬~OCOg#/c/Wװwa>>r><72Y_7ȷOo_C#dz\0%gA[z|!?:eAAA!h쐭!ΑiP~aa~\'W?pX\Z15wCsDDDޛg1O9-J5*>.j<74?.fYXXIlK9.*6nl{/]py.,:@LN8A*%w%\nyg\"/6шC\\*NH*Mz쑼5y$3,幄\'L\rLݛ:v m2=:1qB!Mggfvˬen/kY-\nBTZ(*geWf͉9+̳ې7ᒶKW-X潬j9<qy\n+V<*mOW~&zMk^ʂkU\n}]OX/Yߵa>(xoʿܔĹdff-[n\rڴ\rVE/(ۻC<e;?TTTT6ݵan{4[>ɾUUMfeI?m]Nmq#׹=TR+Gw-\r6\rU#pDy	\r:v{vg/jBFS[b[O>zG4<YyJTiӓgό}~.`ۢ{cjotE;;\\tWW:_mt<Oǻ\\kz{f7y՞9=ݽzo~r\'˻w\'O_@AC݇?[jwGCˆ\r8>99?rCd&ˮ/~јѡ򗓿m|x31^VwwO| (hSЧc3-\0\0\0 cHRM\0\0z%\0\0\0\0\0\0\0\0u0\0\0`\0\0:\0\0o_F\0\0SIDATxw$G}6Tuyo/m|{w{{9t X6\"` ˇ_6Ir066dؖJtB^f\'v	3==qwgf9vvvBwu=˿\"s4AhAhAhAhAhAhAhAhAhAhAhAhAhAhAhAhAhAhAhAhAhAhAhAhAhAhAhAhAhAhAhAhAhAhAhAh/1?t%JWBJWJ\0G\nJ)%aJ)\'$2K$iP:C	ps>8\n/qGzyAh*\'\'@(=BG)	B6RJ	R ǔX&9$T~\'D@(%9s)i9x맮$-P\0?7QJ\rWBn#@(bR\n8~.\ZY11Χ8c6\"N\nB/[<k(BoE)]CRBPPx:P5eqpp 7ι9s_>) t>ڝ ݄_\"PJdmLBgi6?\0/ŝn\Z?F\0H$K&%tye܂\rK~\0.\0\0 QeFh\0{\0~sepCXn\"p/7P[N?grs1J|k\nFg>?G8?zX Az!\0b#G\0[>*f RyOxm.H?;#f zw2ƶpƶa厫 tQB\Z/bb	BW?mWp9S9`	e-/sK\"t}K)]6N6kc8cdg`1pơ%.@Nւ_ccd2\"/gLd\"i0t]z	\r\0/qrcuRX:/7cB= eLX?(2ēdcBJx3)6\0O-fY_w3cjB,b[$<CRjI\0uQA,9^K\0|ysCUMHes__gAȋ u4%RIgbZˊ\"VȅX0\0y3ww	B/S|	!PJ>IԴ\"6%6db_`q+ǎ}~AeKԇA J5-aiƒU%Y B5xӿYz>|!v~z3v5nw}$	)tēaA&~o!x&d$m :CR$7񌔶$tXwlnB$cgIj#|^!,aBR?/DmB6Ulb#\r&sJLgțj4ɼ$K_\\R|!68vUʨ#m\'bV\ZVS`~oUW.s`}:mСbt2ҙ|bW\n)qp\"Tg!,O{oHIVS,#T1jJSxJicQRSG]\r_OW\nq S!9-\r#,/E+ab܋&5f>\0n\0Ƿ2VzԜgH	]S6sCXi_\0җ /B9Nc2{yȒVeٺZέ]Q)EK\'?ÏA躾a|_ҵyFJY!,B)$Yx|SPҗ?:?i_핷Y}Lr$[+)H<#	dAz\0Ki24faetB26gl;!G7n#<fp~;ΕܟvYVzuB	~\';\0߮J[RJM8z7p t=@&,6X:	aY<d\nB/1~r?fNWکεaVW+)]/᏾ՂKpλ6%Һ%CX\raQJ6Æ!kQb\"{^8翚ծS6qJIRmΰ\"!,Xv\raqG!{vb/WB/nyO9J7Bˮ3dGuB/2O9vH۴+mO7PNTmt:\nǘ*\0xC޵Sz13+9盳5#	U\Zb!k&☋E0HhoxxFwXzq\'Ç2¡^焥*	a٤B\'\'069[z6S,Ά-{W^p35g=ŜpnI!+!9(8$%@-8K1PnrB	+LGF`hZj,TՇ&tY)7ۏPgD$:` 6~A\0|]Hc\0hZГS.}K34`t|yK$@iܰ	z=\"\Z(FGGEw{q4_͙YRcCXa`jf\ZSH$^ۇW~|vu\0d|fgKF;醪x߄=<Ҳ;6lPvGk{Idc^	xFHiHj`&C8lxaؤ>w887hû S˗-cb́&T/ӈ0|n@EA]/>R6MWNA^Ƌ[%\0.c/>)$7?,sCXW¢\'ǳۆ-{*oGlҜ1\\8wׯ^E\"rEr/$9അvtVF.3!f,8EbN-`C; nؐ|/\"󂊵M{jr/\0C6m7TIn!DN$9Pﵤ>#R!\rdf;i=޲\0V\n,I\ZF/fyH$%VPUՙ~g|3_E91fyh\'BTaii&.\nd_O	6އZXg/^}е]躎ɱ1;quph!4~֑d!D\"n25ͦumĎ*%xێn1i\\<wW\"H{$]C<1Ѳ]!,♏	a!?\'a$SQeXE~ݫx.\\X4V, tMa.qJ\"cq9zUa%rUXDH)cje<<n}Qwǫޛ,c1\\t	_|8\\v޸eXoCе+2y$XV\"c*\rG6{Z7zзu[^VZ.$Ʈ^s07=!]͂езe$/b4]|x>MH謚M%}~\rdEͷ_\ZyÛYt|\r]FΜ@\ZŎ|\nKHʗL\0.!BX6/U!,fFwӔ57oj~=\nb\0|>fYaZڼ=^Z|E*#Aݿ~BBW/o\0u8\\UeNW+%+2<?7qް	k6o1\\7nYRSB41=>Kgazrh\'\"]B,KY	aټd!߀H$0hu`[o.QVUl7\'cKW[aA835(\'4\rf1&ICGn>ہVgpg]QD#MM\0\nBׄ|/U8eBO23NkU1u[Z]==8sm/Gd4r#W\'YK7ް4y:$)RARd@9]M8BZۈF٧rg+vֆ+ۇL^z1bb1$5\rrnd	0Fqđs=!L`!x<=]l}猬M%nJ\rq_=JD1	D	þ-$tuN6X$B^^ivgr꧝$^S9fyx^Bg<ݖrcl`T)f+kb͸~49]RB\'ͼ_aCWe?c	9jEc6O=1hmŪnRIBv;ѻuRԛ!L4s⺷|;GJ\Z\"]D2j%5̄1S=Sr:Z7Г\Z\Zh;Ƙn3\0v-^Y/-)E߶Xy+zW/>0:Y\\v!kAh[y#4=BX#f;B|\" X׏`[¦q֋7H?4]߁%Ԝs	DQ\ZV]mqCޥ\nBW_([Bi0\r#FpQI̓Xn;wcо454DJ\ry\r\rЕis$Iyߑyr@O\0dUraݮrcؚ!<N%44	BWNRڜc5a$ôwI~Xº]P.磈7r\Z tsțUm*8$UP<Gsp$cqE+;A}bK\Z;Z:\rX~Րi=;3ۨ~ݺ 9罩0HLxN6X>ɼ.핎-\Ze|ík\ZttLԧgg[,QtZ+6f/u\\݇/EfB-mwnbn]i)]fG2̰=ws\nA[(KqPx/6oOUK뤆i$KH9}\raٜbeɬֶcL\"흀@8{\rXh1Ẏk5a%	eehk`j V;ĢQLON=Е܌dk+E!,-~瞎1J):BA``i_7oʢZuLOLֳ\nнw-o)&@lyc/V*=-21q!]\"IrӓlPT\nѪYBZ+	A[K\\x<ᩂOON--[RRzLH2Vt.={$t\'\\!^1	1\"iU?\0vn݄Ύoc>w0+WR]wgSc̎`\0,rm.PHk@da㺾*x<\ZYW(m>3τcٞmV@ g\nTEz;sO1\"n2{HVtrd}\0B\nwx;~QC1~}4_Z)]̀9BX`y33|Y\\6K& a=K\0J];mQ41>:ZR3rשʝqB\n896c3]I^R[@W ڹ\rcǐL$ЪA\ZZӛmd/XK0\0U-YF.1!ع}+Vt{;c^ZD:\\)u\n5n͐\0h*T!;oAϊ6\n-$eM\\YCXB6͙=n^@2ڱݝEocF~	$pz8	ҩ6)kk	AJT\n\"AA{u܎os4L]\rZyy.$CX\"\">%!L)CU]0~bfɂ5ewy!,̜LB1Bw[QEy\'d\nRe߿jnXSb\nIJBXNgt I4+XpD|*UQxfƨ^v^ʷSJaak1pdaW-Uh֊}\'FS齂\rcKJn^1vOKtNNk֮@`cW/=м?\raleGǘ_gՈ\"bKvtʻ;Zx2tS%	B~BXavDQTPԪϟ\"˚$yo7;5aA\ZݥLӰ1fW	\r8~?vhO2ӻb\01\0hQThǊg[Ds!Vs!,fi2\n;B@&;\0*]7wkk}vm039N tyH5\r\nqsyy1w\0dpLA\\ƭW&lgDzTb!,N1,\' ,TOa`K^\0l\00La^zA$tVJ/ǘ~eGջ-NZ$lشcnfr/\nX(\\m<GZ>GnWgV{`Oy[\nBsV68.UHսmiB/*bcn\r=4y^K,F)a{~.SH2̑pafmlXkHHѻ	hKGmhn0kzM\nB/ M23k3{8A~pABmHmvf9ھ;F=.2Mc?o;\"mC\n\0$`~5kWC)TMz$?hTBj,ӱ1U	$HSw(FK(6J,0:!vJf[_X	w^BV.{<\Z[y)\r\\DN̮_l,c,~&\rBi+.v)ecopEz)cЍvm[GiI&Ћ9pV*G1F	ߗ,!1RJќsh7?mhcA~K	alг]cLz	mWکv;pSͨ]\0Qs|BZSUt\\Ϸ\rUM8ppX E[B?|] vR	VHlY;	}QHpb>4,ڰ/s>!\"u/3tؕzkByJLH~.!b)sj-\\MXԻ8:_9(}.hlppYڊEE\0G*`͖v>mA	`:C#6˖gI蔪M\n;|Z`3*xQTp-i#tBܧ]~R۸\Znwrݘ|	 tuh\0%{Ƙ(ͦv(E-_w)V	TRr(1D#Kb̦/~ tiec\Z叆A7%oqзWdE{8ƊZaSyU)aHBgn\' ȂMGj	H6ZPsaeg\Zb\Zpw{*tiNQc? tc\0eK쎱BZ蜴]_}A)]1&$t32,i!hB\r Zϋ(]tjORLǘ){4+(-9q!kcKc,{\'XY8.][;zXb?[$e|b4̲[\"е%k܄a\'aaA4\reF4й>TvsɲGWf\nb4$M(ˆ.i?HH)GB;Yy)Z0@v7XO.n-H.ϗlGgD;c^)$t#Jg>?{RqB?}}	B/\0A^jݍ4줫TLB@4X4Zrgc9^`H#sޓвT&v4I\'rJZR%\"s2+k}EYD@	%\rI;<lhazgҝQnxv6RpSZ,l{ )EH +o6Ѱu+yn.3 +Q(tŋs	]|S1N|7xy,\'yi4*t}7*+IhS\0^<`T;c+G>3<Ґ96z{d,IBO~cЋcG\'GqBS:[CLNXd2k	pE$LABipύ:F_^t\0rITQPʼ\'ьpB-k3(t\nC+\ns߳+-vweخ>YTKĄ\\*0f?3m=\")NwSc9AUP$i>x_1Ly{?G|\';blG#7ǔ9O*44v#W#w;O	m11V(T5K`<7彐*4dmҁBoQ{sA\0\nˑ4i!\\9zFT!HMb9<\r~$DR+H{ Ҩȵuu͚!=?zk0Ԣ92!oTS tA	FF7\rs\njpG/gմ%@pL=}R9x+eE.TK£	Zvq>Ty>G Zr	V2\\dUyN\\s{2,NLzi0<r)rcyѐ\'x?Y͓qAZ9)Nf_a?/l1lSZdwXJl}r_s	RD2Gyo2XyK݉tНЮmRLB@ODPsSQV)aH2 +J{ˍ\0TG8ӆe,wI.c|rE&\\Q{nR.3`]{Jܭ~AWF%)ێ(1Z+Gal+*$Dܔwh*-erWnCJٟ{KJ_vtAX{9ߡrE&>e63`A0lf;i\0+G[.kk|bQ\0LCKZvKysk{$Þ/46!ți`E<<CĆٓ/]#qw5)].v*\"NL>R)!If&NB@*mU|<BI\0_l1n\ZBcyJIl%jOy߭G\rx4l5I05֕2f\\[o1)u? t}/Ӟ16PiO\0l9eX~)d$,*!CT}\"\Zi28METX^ʦdkgs%H 6;.&1I+j9īS9lfh)d` M+#tK[^@㏎|WpiY؊O5\0`$)><IIDzҒʱҖjaH#DQmu}^\0N;EzЅDɰgŦPlRӴfھ5n 6L\\qL~!TD: tcvkY8L1/Z>aibs*826=nyolWt޺zY*vZĹׁS@&n;a?;}6ӔOpk$Jc\0X]M\0J!|waɁbj8yK\rG\Z˾,kB拟;MP3QA媷+APU]R1iN# jER9dx|I\ZYN93\Z\rt\\#/ɯZW$轾[uu>Ѵ_\0YB;@:&A$	r0`LE[2?^/F9O(έTmJtщI0]Sש,C*ܴ\\dJ+U^,M~}\0ȪC˪zdW-P9臙tJC:;!^뜌KY]\\I@KZiTħ^WAU&wY9Ϥ;o\\Znf;]ߕn|K$tR)w֖#>=<X):\rGf,Ornil`n\Zlj<<c}WdfDBl.t29S#PZ2b?\0X&5.wX) B9༪O/kORdPIHIkfMNA𵶁2x\" nydʀ$Bhfq,*RiL\'7ChḢa&G\"9k\"$fe>jŜ[.<R:\0EU\'TnT\\RdNɒDL7`Ɠ9̤XrTQok+͙ՅC\0/\ZE2<S<Uj?}m3v:3Ss2/x[\n=Y+BXHFg*+0\Z̄GZMNJ|mmVzO8L!*լ{azu3췿Xf\"A=\0̜\\!U&33LL!-;-\"H&tD&$3U(QRIߔέm\0e\\.<+6\r5W`14S;Z 6\'h)Dfi&8.TL\"61	=6(-[ <:g!\0xo][grc2HF\0.2M\riǹ\n@rgrV\nf0IXYC}jEj!_90`֖8`bY4׼<88BE*i%u0Mse$w< |*$EIB@V$-LS-_+OQEAէWK&ѵrß1,c,7	;>7)~ߵxRa^TL>v鿩dz5$HA	R򌳤\r\0FR<זl,20~z\0rzΡill=[_G,szkb7ѸS<!B~ҕ6afi:oB%UTUr][][|\rN9Gwk#zWO|!|	\"7k=Q@ZRMBVCG/=z[0M0\07x\r9҉$*\"[鋀p:̮\Zc=B)}M\0G^{09mAeAh\0w?=0_ĉ{TU}ƹdN?0z/hɮ3nx0YI(:A&\r}6/;\r]_\0}mn^4.\'NpRڧJjKONb\'V:7)nL,w^&6c{9ARLar\0e	$s\Z5?!hj+nNy<R3ơesM\0ݻQ1NP14-5τiˈ\"IZ{/VeD}7|ɕ;(\'NQtBC\'wI怮 >I<޹ٳb0=[Ix:\"nWֺYr\\b4]>\0!}\rٙ~uKasJqvp%=Sy#XN8{y@^rlMEf\0[Ъ8 Kp\0#\n!4{NN8FL]A\\|4e;{AOG E5waf0cJ\0plv\"\"u8qRh2w\0RLB\04Sj`2g@ɵ7@W[F1@M*~V*IbOR\ZLNO\0#:i搙dȜ:o)\0OZC`wR`9-F/8qrP8ńt~=o#~%ڒ{6X}aP/1\ZDVhm.]`1^o\0ܼwcgɼ\n*l0%SM{\0doYvC>߾>CfKc!yNI5M/WYDP/7\n,\\PDdA9wZ0:pdі>DVQ|RlZ\'!KTpB\'O*wj%DvPŵ>*ٵSMaǛz|!q(s-M\'pٿ9\0ٓ\\n.S2pVdN~̥CH.1@Jf߁鵇Z\n҃P]Oh@<k=$0z,K1/ v5 $!=!73j|u9[A$@m%3N0oi˕={p}tt\\rk׮vzN4ӓ.HDf\0кcki$3|\":mhKZ#%Qv^f_L&?\\6kF;np\\6:\0\r\0^NMOĉg~zUA\'+\n|>A\"~~h9NQc(|i\"cH8:r[Ns`0;\0\0C\0_֮]}A1H\r/\\p3gNغe+L3)IR>?dY)Jf*!j}BbP\r\n8098k$^ŜeW]E[[;6nX%?Mk0A!aXΒ	c8Scƍ5n@ j0΍̩8醻}7:ڳִt(TB|3ط@{B/\"\\F\0\0pWh+X,Ǐg%V\\Yӫ4\"gR@0T̙)<\nU^6/p\\sf0thDI-~NRb߾\\NV޵Cb\nঔ@UJEQpU\'yf\ZHצ[WBiÐ={wl[oR&C<Erc\rY+TJ-nooUիPxȲEU!I֏\n:hUJe7Ȳ\\̙d$Cu=۵ɮ.*DVx,3e7ך9t^NVos%ի+\02\"!@+˅B@IRT\"_KA 5y11?|FWJXO<j$ٶµ!u<ǕWp뭷ٜi陴\Z4Z_UAh7\"_zR*ZQJ(J\rvU㏡]]]5ʹĥֻٱ$uEhK\"k8=7)R($v)v51>s\ZwimԮX=g\0kc˚З\\z\0rtU\rY(Nҋ8w,\rn5#2QL\'iIw\"ރ會sX,;-/_+08밤wf\0jo~Y+*wM\0U_!P%{@8ǣ=d2-8U-<bJOGbYu`&XHH3v!+$,f¸馛+osMӠz60O|qo	m#PڮV˲\\\rb~ÇՍ5kD*KVd!O2;<EtL,/PB8^l|R#GՎ_YSRkZgϝ7݌P(T5M걫y⺁#6Y$\"XU49IJs\\[\\z\'N<͛7j6ځ@LΡNA̩E%)19p+h|Yz8E#y*/s,;}4lي^/c,HjG|\rG/]>\0*.*km/g166m\n.\ZH\'(jiw==\"s*abQ@gX&+BjMKf\nUH=::\nB)ۿpמ}7R&߮g\rG苗.wVkBdZ}\\i(./\"<iw|~>_>mw9]9B\"@11p/%pR_9G4\ZRh\\Ƒ#t]G2Yq\0_7pa=r[`mSZ\"|E#3xۇ+VT-Ҥ$2z3&nzyFd\"	MKLm^9Lv#ix)hxqA.K&%>~ݺDzŵbr%!gϞ31u&DS\"sZv)&9F\"1^!sU##./DP\Z\\2cU,ׯ[Xzşգϰ]ciG=ԓEضmk]ӫ2H\"Z^.Dt4uGZfVusHySSSøƛjѨ%&vI߰~䄾0rџR>XIϷh6Q9H$яAGGGƣJ$VPJ&sf6:/=Ԫ!]m\\b0J#ˮN&8}4nf#,yV5?\r_Q\0<Z\rUUE(ȩaxx&&&+BfRҦaVLfYQ1+8Qͮu07e1iǂMsac#貍F.`uIf\0PP(aXlN\0\\qI$􅑑\0$T߿vrOװ}vKB*UDf;9x<*	~WΟ%9cDaW\\(1D\"kf=7ڢIF99O*J?TՇ`00dwcH^(\\;m_WZBsL\0Jck_U>sIMRo\rØahh̳8I (\n8zΟ!NG~\rܓ\"BUTIػw(Jyd. Rʙo,]tbl줿ރ)\'sGJH퐺E\"ETp0q%޽gͱT[Besu҂+9AY Qh\\-m:k׮:UD*g^F-Fk@0boq҂Hߍ TrmXFj7:^_Im\\#G߿慛0\0`\0>Oy;wZsB;JNLR4ntw3ɡ/)w۟xQ{42g͔~Lt(?۔[wh&<HJ\"uv\\wiݮ/\0͛VˤQ`YFpsK5#s8x\'C\0~FƮ]9ǥ˗ʖ\"eI\'ӐWod˦|\rU0$YYX3kP$/x<ױ{$$!\nJ_:{Ν+v@0\0NQ`xx0=3c%JזG<2@Z>t0;pT);]RjO\r9c8<mۖ4BP|wDUaν#\0rOѼؕॗ^+#/dR{eIB(*̜sq$b1k,@\0ҕgЙdp%HCU}ex9-]F<xqTgc$H$В%qM.gϝ[Yg&XN7:O3m]N\n4IH?eLu)r>9/>d2mݼa$\r\'b/UUIqRh$C\\z7xS]f.	hZ\0mٲ酒	}9\n\0IEF7\ZO<+WwmoIR\'EUm!3Iw<Әn\rB8+V$Hmf&Rk^|{[*D<#s7\'J99?j5yAJoMs-܆D-չfFg͒ÓǞiI|SخB|@WgW[j\0>SS̙^Y5LJO\rGOJp>d2KХŘ=|g0?_Ϥ>R24D0*Dkׯ͛,7.g@0htm>}PQBspjQp0cP\'$I.+Ɯ3199Qf\0\09\\>\'i֩摚xZLG\"ax.F5<2AghAB>}O}֮uo1(\nwcvvR9bȒTvyt:.?W&ޱ}7~Z[<k:v\\}^jICZ.*i8<nIF/|\0JVե\0^]X~=.]l~Z*Bf`mz	VUDo_ca8t֮<~򓓰[dWH}qds8Tђ8>yi9y$sɌ:ĦMڊZGdBfMpcֆÇo@GGGa]R\r\raǎ!\\Q\\8rPBD$\ZCpj>>\\\"lUn\\_UH&|r*gլR9ǟqYw_rεwm/8xKJî:ܢŋsh`zxa*w-> SHمhWH~?mv`tts,t>kXʩW[1cЂ[][=q$]fTٳgߏήe*U )Z\"zSd́wM7B85WcոpἫTda){+|3NVwϾVB={bKrXO=u[wΕ+W@)Ŧ.Vuoͪ+$*`Wt,l۶,#rcgwE8O練`߾O<\'lۦ{ׅ:\Z⹟ؖ\nZԊ\"sΡV(bEt\0/zXR:/RSI;OuY֑]̺\\?g%mێ\'sss)oΤPǙvws?F$\'/ut^\rS*dԖ/\',C7+%0pylٲ`)=]JEVv/rJYz=YcÆ|rj۬Ν̜1<д7Y囓2V:sg:@ a5y{1;;SoW˲I9<4RʹԃJR%f\n6Z\'xM\\֡gΞc<)Df\08ufffbwƆA]NA4qo$J0c\Z\r;vdҝԩ51Ģ1ؾْk\0)~G1\\\n`Od(`ǎ!$ɓcccpd03lʕ+]׬Y[ۇgX4\rc9BX/]Ď;\Z$\n6vRy9X+;~XmvO#入T8qD r,ߏg/)شy3mx]FMhikCٙ|?Sw;7|K,m\0zW[l`͚x[nIjaر\'[[6l[!Yу/ddMUe)ݻst\"\0K~H6R@ݛretqXePJ?us\'O OgnܸѶzԢT\\8t9M6axx8:J8	!Ex14QO&hǎ!\\~ccs*-ߏ}gUM3j0uw`*\'=#<ØæM[BTlҊ\r6ВILOOԩS\0N->c@ }`U4\rO?48x+nt-\\se.2{oL,4<$e\0a-uq1Hmܹ3xGqatekrE]h5Y駟L\"G-K)qoo/Z[[cpJw]~\\&d1jKUU}Hv:txYo_\\Q&{u?/Wwv6OZA4/[{\ZZ|9r8`ʨmZ7(AaC4JC81Ev>C/:Bxf,ŬE\"@8<Uyv f܍wĬ8}TՅ}-\r-BI\ryz%s8{mT\\B+Īsϖ(P,ͩV$kZ-&V+D(tH\"B.9vm/]ycӦ-yEH$_+1u;wa͚aՐeEejV)ƹ	W@y@C\n$RԷ\\efI\rs}JIrENn.TFd/n˲8C@,q9@WŸ́^pVZe#-<qfY/-	Rr.N(@i~ǡMq\rKSJ)ʅY}-xTS9Pr5-rAmha46bΝ=|8e!^V\"58#nP0>44-	\0ВIOA	ʕ+նZGj*	]+Pvj\":bT64_B^uzJsQ	*{o\\tww=Vqѣ/w6K{sCUUgEOC4闅\r-`bp uSەgNޢdi! D*^*ursa-͊]\"j\\,čV-- P*7/;Y^A֏i\ZV}C PL@E2M4@-$g]U>wKecg!4\0h/Z߻,n4Ү/$	\nt\rH&D\"B)$IwU#&,G_C<|9G<C hnRA\Z|buW9G4烪,[Lc~~,7^98èsZ9It]?EĩS/ab|<Kkò,Bu0MxU8ĢH>Y:\0ĥKVy$IDњj4MPU>D<^y&	VRa:D͈\\s&H&ВI(EU*^c>VAn\ZMD`Q躁d2	4rJlMCR ˲En	B6l؈_pu\\\"z1a0D@eGVlHEJ4M)s|JK&9dZ2	BElE$I{[ޥAUtuuЛJsu/4vK;qΡ:T0=-%Ih5VmhCWy\Z$$^r	]X8-.P`eiuk6L¥&	,4M3sQ9r%Wt5\n!$Cr*1焴?	?ť^Z	kWN! `i6o]5rN.޼e94yUSkw]J)cҐBea9g`H}̘,Y+ym\'i7QyFn^aC7Ѐf:Xލ[\ZU%d1=4aӮTnAv#yn\':6lsSu.Tnbp[\\N腬ob0Hנ:!ªUnfP\nʕH~9EAWWw3^qk\'`;ܶ2>-EZEbI;	-h	 #kP{/\rk8v033x\"Y\'\rJ)W*@#1	YUu9*0\\7X@@y\'mn^W\r*Ԛb0c7vd%b0-7X@hdLB[Lkpӂ1Y$IHvOBh49իWL&2χϟOg!-Pb2[嘙k\0-O	-Ш(Ξbod#Q\r<\0!y霡PVUUZӠ!A-ndsH2VZqBޑᱝ\n[n`}F{qA:$K8M/\rh]\0?p\0\0\0\0IENDB`',2110004,'bing','Gellar','Monica','BSIT',4,'F','La Trinidad, Benguet','La Trinidad, Benguet','SLU','Filipino','Filipino','Jack Gellar','09631231125','Mechanic','Rose Gellar','7896542','Social Worker','Single','Roman Catholic','Lily Gellar','7893215','Aunt','La Trinidad, Benguet',9,0),('PNG\r\n\Z\n\0\0\0\rIHDR\0\0\0\0\0{\0\0\0徦G\0\0\0	pHYs\0\0.#\0\0.#x?v\0\0\nOiCCPPhotoshop ICC profile\0\0xڝSgTS=BKKoR RB&*!	J!QEEȠQ,\n!{kּ>H3Q5B.@\n$p\0d!s#\0~<<+\"\0x\0M0B\\t8K\0@zB\0@F&S\0\0`cb\0P-\0`\'\0{\0[!\0 eD\0h;\0VE\0X0\0fK9\0-\00IWfH\0\0\0\00Q)\0{\0`##x\0\0FW<+*\0\0x<$9E[-qWW.(I+6aa@.y24\0\0x6_-\"bbϫp@\0\0t~,/\Z;m%h^uf@\0Wp~<<EJB[aW}g_Wl~<$2]GLϒ	bG\"IbX*QqD2\"B)%d,>5\0j>{-]cK\'Xt\0\0o(hw?G%\0fIq\0\0^D$.Tʳ?\0\0D*A,`6B$BB\ndr`)B(Ͱ*`/@4Qhp.U=pa(	Aa!ڈbX#!H$ ɈQ\"K5H1RT UH=r9\\F;\02G1Q=C7\ZFdt1r\Z=6Ыhڏ>C03l0.B8,	c˱\"\ZVcϱwE	6wB aAHXLXNH $4	7	Q\'\"K&b21XH,#/{C7$C2\'ITFnR#,4H\Z#dk9, +ȅ3![\nb@qS(RjJ4e2AURݨT5ZBRQ4u9̓IK\ZhhitݕNWGw\rǈg(gwLӋT071oUX**|\nJ&*/TުUUT^S}FU3S	ԖUPSSg;goT?~YYLOCQ_ cx,!k\ru5&|v*=9C3J3WRf?qtN	(~))4L1e\\kXHQG6EYAJ\'\\\'GgSSݧ\nM=:.kDwn^Loy}/TmGX$<5qo</QC]@Caaᄑ<FFi\\$mmƣ&&!&KMMRM);L;L֙͢5=12כ߷`ZxZ,eIZYnZ9YXUZ]F%ֻNNgðɶۮm}agbgŮ}}=\rZ~sr:V:ޚΜ?}/gX3)iSGggs󈋉K.>.ȽJtq]zۯ6iܟ4)Y3sCQ?0k߬~OCOg#/c/Wװwa>>r><72Y_7ȷOo_C#dz\0%gA[z|!?:eAAA!h쐭!ΑiP~aa~\'W?pX\Z15wCsDDDޛg1O9-J5*>.j<74?.fYXXIlK9.*6nl{/]py.,:@LN8A*%w%\nyg\"/6шC\\*NH*Mz쑼5y$3,幄\'L\rLݛ:v m2=:1qB!Mggfvˬen/kY-\nBTZ(*geWf͉9+̳ې7ᒶKW-X潬j9<qy\n+V<*mOW~&zMk^ʂkU\n}]OX/Yߵa>(xoʿܔĹdff-[n\rڴ\rVE/(ۻC<e;?TTTT6ݵan{4[>ɾUUMfeI?m]Nmq#׹=TR+Gw-\r6\rU#pDy	\r:v{vg/jBFS[b[O>zG4<YyJTiӓgό}~.`ۢ{cjotE;;\\tWW:_mt<Oǻ\\kz{f7y՞9=ݽzo~r\'˻w\'O_@AC݇?[jwGCˆ\r8>99?rCd&ˮ/~јѡ򗓿m|x31^VwwO| (hSЧc3-\0\0\0 cHRM\0\0z%\0\0\0\0\0\0\0\0u0\0\0`\0\0:\0\0o_F\0\0SIDATxw$G}6Tuyo/m|{w{{9t X6\"` ˇ_6Ir066dؖJtB^f\'v	3==qwgf9vvvBwu=˿\"s4AhAhAhAhAhAhAhAhAhAhAhAhAhAhAhAhAhAhAhAhAhAhAhAhAhAhAhAhAhAhAhAhAhAhAhAh/1?t%JWBJWJ\0G\nJ)%aJ)\'$2K$iP:C	ps>8\n/qGzyAh*\'\'@(=BG)	B6RJ	R ǔX&9$T~\'D@(%9s)i9x맮$-P\0?7QJ\rWBn#@(bR\n8~.\ZY11Χ8c6\"N\nB/[<k(BoE)]CRBPPx:P5eqpp 7ι9s_>) t>ڝ ݄_\"PJdmLBgi6?\0/ŝn\Z?F\0H$K&%tye܂\rK~\0.\0\0 QeFh\0{\0~sepCXn\"p/7P[N?grs1J|k\nFg>?G8?zX Az!\0b#G\0[>*f RyOxm.H?;#f zw2ƶpƶa厫 tQB\Z/bb	BW?mWp9S9`	e-/sK\"t}K)]6N6kc8cdg`1pơ%.@Nւ_ccd2\"/gLd\"i0t]z	\r\0/qrcuRX:/7cB= eLX?(2ēdcBJx3)6\0O-fY_w3cjB,b[$<CRjI\0uQA,9^K\0|ysCUMHes__gAȋ u4%RIgbZˊ\"VȅX0\0y3ww	B/S|	!PJ>IԴ\"6%6db_`q+ǎ}~AeKԇA J5-aiƒU%Y B5xӿYz>|!v~z3v5nw}$	)tēaA&~o!x&d$m :CR$7񌔶$tXwlnB$cgIj#|^!,aBR?/DmB6Ulb#\r&sJLgțj4ɼ$K_\\R|!68vUʨ#m\'bV\ZVS`~oUW.s`}:mСbt2ҙ|bW\n)qp\"Tg!,O{oHIVS,#T1jJSxJicQRSG]\r_OW\nq S!9-\r#,/E+ab܋&5f>\0n\0Ƿ2VzԜgH	]S6sCXi_\0җ /B9Nc2{yȒVeٺZέ]Q)EK\'?ÏA躾a|_ҵyFJY!,B)$Yx|SPҗ?:?i_핷Y}Lr$[+)H<#	dAz\0Ki24faetB26gl;!G7n#<fp~;ΕܟvYVzuB	~\';\0߮J[RJM8z7p t=@&,6X:	aY<d\nB/1~r?fNWکεaVW+)]/᏾ՂKpλ6%Һ%CX\raQJ6Æ!kQb\"{^8翚ծS6qJIRmΰ\"!,Xv\raqG!{vb/WB/nyO9J7Bˮ3dGuB/2O9vH۴+mO7PNTmt:\nǘ*\0xC޵Sz13+9盳5#	U\Zb!k&☋E0HhoxxFwXzq\'Ç2¡^焥*	a٤B\'\'069[z6S,Ά-{W^p35g=ŜpnI!+!9(8$%@-8K1PnrB	+LGF`hZj,TՇ&tY)7ۏPgD$:` 6~A\0|]Hc\0hZГS.}K34`t|yK$@iܰ	z=\"\Z(FGGEw{q4_͙YRcCXa`jf\ZSH$^ۇW~|vu\0d|fgKF;醪x߄=<Ҳ;6lPvGk{Idc^	xFHiHj`&C8lxaؤ>w887hû S˗-cb́&T/ӈ0|n@EA]/>R6MWNA^Ƌ[%\0.c/>)$7?,sCXW¢\'ǳۆ-{*oGlҜ1\\8wׯ^E\"rEr/$9അvtVF.3!f,8EbN-`C; nؐ|/\"󂊵M{jr/\0C6m7TIn!DN$9Pﵤ>#R!\rdf;i=޲\0V\n,I\ZF/fyH$%VPUՙ~g|3_E91fyh\'BTaii&.\nd_O	6އZXg/^}е]躎ɱ1;quph!4~֑d!D\"n25ͦumĎ*%xێn1i\\<wW\"H{$]C<1Ѳ]!,♏	a!?\'a$SQeXE~ݫx.\\X4V, tMa.qJ\"cq9zUa%rUXDH)cje<<n}Qwǫޛ,c1\\t	_|8\\v޸eXoCе+2y$XV\"c*\rG6{Z7zзu[^VZ.$Ʈ^s07=!]͂езe$/b4]|x>MH謚M%}~\rdEͷ_\ZyÛYt|\r]FΜ@\ZŎ|\nKHʗL\0.!BX6/U!,fFwӔ57oj~=\nb\0|>fYaZڼ=^Z|E*#Aݿ~BBW/o\0u8\\UeNW+%+2<?7qް	k6o1\\7nYRSB41=>Kgazrh\'\"]B,KY	aټd!߀H$0hu`[o.QVUl7\'cKW[aA835(\'4\rf1&ICGn>ہVgpg]QD#MM\0\nBׄ|/U8eBO23NkU1u[Z]==8sm/Gd4r#W\'YK7ް4y:$)RARd@9]M8BZۈF٧rg+vֆ+ۇL^z1bb1$5\rrnd	0Fqđs=!L`!x<=]l}猬M%nJ\rq_=JD1	D	þ-$tuN6X$B^^ivgr꧝$^S9fyx^Bg<ݖrcl`T)f+kb͸~49]RB\'ͼ_aCWe?c	9jEc6O=1hmŪnRIBv;ѻuRԛ!L4s⺷|;GJ\Z\"]D2j%5̄1S=Sr:Z7Г\Z\Zh;Ƙn3\0v-^Y/-)E߶Xy+zW/>0:Y\\v!kAh[y#4=BX#f;B|\" X׏`[¦q֋7H?4]߁%Ԝs	DQ\ZV]mqCޥ\nBW_([Bi0\r#FpQI̓Xn;wcо454DJ\ry\r\rЕis$Iyߑyr@O\0dUraݮrcؚ!<N%44	BWNRڜc5a$ôwI~Xº]P.磈7r\Z tsțUm*8$UP<Gsp$cqE+;A}bK\Z;Z:\rX~Րi=;3ۨ~ݺ 9罩0HLxN6X>ɼ.핎-\Ze|ík\ZttLԧgg[,QtZ+6f/u\\݇/EfB-mwnbn]i)]fG2̰=ws\nA[(KqPx/6oOUK뤆i$KH9}\raٜbeɬֶcL\"흀@8{\rXh1Ẏk5a%	eehk`j V;ĢQLON=Е܌dk+E!,-~瞎1J):BA``i_7oʢZuLOLֳ\nнw-o)&@lyc/V*=-21q!]\"IrӓlPT\nѪYBZ+	A[K\\x<ᩂOON--[RRzLH2Vt.={$t\'\\!^1	1\"iU?\0vn݄Ύoc>w0+WR]wgSc̎`\0,rm.PHk@da㺾*x<\ZYW(m>3τcٞmV@ g\nTEz;sO1\"n2{HVtrd}\0B\nwx;~QC1~}4_Z)]̀9BX`y33|Y\\6K& a=K\0J];mQ41>:ZR3rשʝqB\n896c3]I^R[@W ڹ\rcǐL$ЪA\ZZӛmd/XK0\0U-YF.1!ع}+Vt{;c^ZD:\\)u\n5n͐\0h*T!;oAϊ6\n-$eM\\YCXB6͙=n^@2ڱݝEocF~	$pz8	ҩ6)kk	AJT\n\"AA{u܎os4L]\rZyy.$CX\"\">%!L)CU]0~bfɂ5ewy!,̜LB1Bw[QEy\'d\nRe߿jnXSb\nIJBXNgt I4+XpD|*UQxfƨ^v^ʷSJaak1pdaW-Uh֊}\'FS齂\rcKJn^1vOKtNNk֮@`cW/=м?\raleGǘ_gՈ\"bKvtʻ;Zx2tS%	B~BXavDQTPԪϟ\"˚$yo7;5aA\ZݥLӰ1fW	\r8~?vhO2ӻb\01\0hQThǊg[Ds!Vs!,fi2\n;B@&;\0*]7wkk}vm039N tyH5\r\nqsyy1w\0dpLA\\ƭW&lgDzTb!,N1,\' ,TOa`K^\0l\00La^zA$tVJ/ǘ~eGջ-NZ$lشcnfr/\nX(\\m<GZ>GnWgV{`Oy[\nBsV68.UHսmiB/*bcn\r=4y^K,F)a{~.SH2̑pafmlXkHHѻ	hKGmhn0kzM\nB/ M23k3{8A~pABmHmvf9ھ;F=.2Mc?o;\"mC\n\0$`~5kWC)TMz$?hTBj,ӱ1U	$HSw(FK(6J,0:!vJf[_X	w^BV.{<\Z[y)\r\\DN̮_l,c,~&\rBi+.v)ecopEz)cЍvm[GiI&Ћ9pV*G1F	ߗ,!1RJќsh7?mhcA~K	alг]cLz	mWکv;pSͨ]\0Qs|BZSUt\\Ϸ\rUM8ppX E[B?|] vR	VHlY;	}QHpb>4,ڰ/s>!\"u/3tؕzkByJLH~.!b)sj-\\MXԻ8:_9(}.hlppYڊEE\0G*`͖v>mA	`:C#6˖gI蔪M\n;|Z`3*xQTp-i#tBܧ]~R۸\Znwrݘ|	 tuh\0%{Ƙ(ͦv(E-_w)V	TRr(1D#Kb̦/~ tiec\Z叆A7%oqзWdE{8ƊZaSyU)aHBgn\' ȂMGj	H6ZPsaeg\Zb\Zpw{*tiNQc? tc\0eK쎱BZ蜴]_}A)]1&$t32,i!hB\r Zϋ(]tjORLǘ){4+(-9q!kcKc,{\'XY8.][;zXb?[$e|b4̲[\"е%k܄a\'aaA4\reF4й>TvsɲGWf\nb4$M(ˆ.i?HH)GB;Yy)Z0@v7XO.n-H.ϗlGgD;c^)$t#Jg>?{RqB?}}	B/\0A^jݍ4줫TLB@4X4Zrgc9^`H#sޓвT&v4I\'rJZR%\"s2+k}EYD@	%\rI;<lhazgҝQnxv6RpSZ,l{ )EH +o6Ѱu+yn.3 +Q(tŋs	]|S1N|7xy,\'yi4*t}7*+IhS\0^<`T;c+G>3<Ґ96z{d,IBO~cЋcG\'GqBS:[CLNXd2k	pE$LABipύ:F_^t\0rITQPʼ\'ьpB-k3(t\nC+\ns߳+-vweخ>YTKĄ\\*0f?3m=\")NwSc9AUP$i>x_1Ly{?G|\';blG#7ǔ9O*44v#W#w;O	m11V(T5K`<7彐*4dmҁBoQ{sA\0\nˑ4i!\\9zFT!HMb9<\r~$DR+H{ Ҩȵuu͚!=?zk0Ԣ92!oTS tA	FF7\rs\njpG/gմ%@pL=}R9x+eE.TK£	Zvq>Ty>G Zr	V2\\dUyN\\s{2,NLzi0<r)rcyѐ\'x?Y͓qAZ9)Nf_a?/l1lSZdwXJl}r_s	RD2Gyo2XyK݉tНЮmRLB@ODPsSQV)aH2 +J{ˍ\0TG8ӆe,wI.c|rE&\\Q{nR.3`]{Jܭ~AWF%)ێ(1Z+Gal+*$Dܔwh*-erWnCJٟ{KJ_vtAX{9ߡrE&>e63`A0lf;i\0+G[.kk|bQ\0LCKZvKysk{$Þ/46!ți`E<<CĆٓ/]#qw5)].v*\"NL>R)!If&NB@*mU|<BI\0_l1n\ZBcyJIl%jOy߭G\rx4l5I05֕2f\\[o1)u? t}/Ӟ16PiO\0l9eX~)d$,*!CT}\"\Zi28METX^ʦdkgs%H 6;.&1I+j9īS9lfh)d` M+#tK[^@㏎|WpiY؊O5\0`$)><IIDzҒʱҖjaH#DQmu}^\0N;EzЅDɰgŦPlRӴfھ5n 6L\\qL~!TD: tcvkY8L1/Z>aibs*826=nyolWt޺zY*vZĹׁS@&n;a?;}6ӔOpk$Jc\0X]M\0J!|waɁbj8yK\rG\Z˾,kB拟;MP3QA媷+APU]R1iN# jER9dx|I\ZYN93\Z\rt\\#/ɯZW$轾[uu>Ѵ_\0YB;@:&A$	r0`LE[2?^/F9O(έTmJtщI0]Sש,C*ܴ\\dJ+U^,M~}\0ȪC˪zdW-P9臙tJC:;!^뜌KY]\\I@KZiTħ^WAU&wY9Ϥ;o\\Znf;]ߕn|K$tR)w֖#>=<X):\rGf,Ornil`n\Zlj<<c}WdfDBl.t29S#PZ2b?\0X&5.wX) B9༪O/kORdPIHIkfMNA𵶁2x\" nydʀ$Bhfq,*RiL\'7ChḢa&G\"9k\"$fe>jŜ[.<R:\0EU\'TnT\\RdNɒDL7`Ɠ9̤XrTQok+͙ՅC\0/\ZE2<S<Uj?}m3v:3Ss2/x[\n=Y+BXHFg*+0\Z̄GZMNJ|mmVzO8L!*լ{azu3췿Xf\"A=\0̜\\!U&33LL!-;-\"H&tD&$3U(QRIߔέm\0e\\.<+6\r5W`14S;Z 6\'h)Dfi&8.TL\"61	=6(-[ <:g!\0xo][grc2HF\0.2M\riǹ\n@rgrV\nf0IXYC}jEj!_90`֖8`bY4׼<88BE*i%u0Mse$w< |*$EIB@V$-LS-_+OQEAէWK&ѵrß1,c,7	;>7)~ߵxRa^TL>v鿩dz5$HA	R򌳤\r\0FR<זl,20~z\0rzΡill=[_G,szkb7ѸS<!B~ҕ6afi:oB%UTUr][][|\rN9Gwk#zWO|!|	\"7k=Q@ZRMBVCG/=z[0M0\07x\r9҉$*\"[鋀p:̮\Zc=B)}M\0G^{09mAeAh\0w?=0_ĉ{TU}ƹdN?0z/hɮ3nx0YI(:A&\r}6/;\r]_\0}mn^4.\'NpRڧJjKONb\'V:7)nL,w^&6c{9ARLar\0e	$s\Z5?!hj+nNy<R3ơesM\0ݻQ1NP14-5τiˈ\"IZ{/VeD}7|ɕ;(\'NQtBC\'wI怮 >I<޹ٳb0=[Ix:\"nWֺYr\\b4]>\0!}\rٙ~uKasJqvp%=Sy#XN8{y@^rlMEf\0[Ъ8 Kp\0#\n!4{NN8FL]A\\|4e;{AOG E5waf0cJ\0plv\"\"u8qRh2w\0RLB\04Sj`2g@ɵ7@W[F1@M*~V*IbOR\ZLNO\0#:i搙dȜ:o)\0OZC`wR`9-F/8qrP8ńt~=o#~%ڒ{6X}aP/1\ZDVhm.]`1^o\0ܼwcgɼ\n*l0%SM{\0doYvC>߾>CfKc!yNI5M/WYDP/7\n,\\PDdA9wZ0:pdі>DVQ|RlZ\'!KTpB\'O*wj%DvPŵ>*ٵSMaǛz|!q(s-M\'pٿ9\0ٓ\\n.S2pVdN~̥CH.1@Jf߁鵇Z\n҃P]Oh@<k=$0z,K1/ v5 $!=!73j|u9[A$@m%3N0oi˕={p}tt\\rk׮vzN4ӓ.HDf\0кcki$3|\":mhKZ#%Qv^f_L&?\\6kF;np\\6:\0\r\0^NMOĉg~zUA\'+\n|>A\"~~h9NQc(|i\"cH8:r[Ns`0;\0\0C\0_֮]}A1H\r/\\p3gNغe+L3)IR>?dY)Jf*!j}BbP\r\n8098k$^ŜeW]E[[;6nX%?Mk0A!aXΒ	c8Scƍ5n@ j0΍̩8醻}7:ڳִt(TB|3ط@{B/\"\\F\0\0pWh+X,Ǐg%V\\Yӫ4\"gR@0T̙)<\nU^6/p\\sf0thDI-~NRb߾\\NV޵Cb\nঔ@UJEQpU\'yf\ZHצ[WBiÐ={wl[oR&C<Erc\rY+TJ-nooUիPxȲEU!I֏\n:hUJe7Ȳ\\̙d$Cu=۵ɮ.*DVx,3e7ך9t^NVos%ի+\02\"!@+˅B@IRT\"_KA 5y11?|FWJXO<j$ٶµ!u<ǕWp뭷ٜi陴\Z4Z_UAh7\"_zR*ZQJ(J\rvU㏡]]]5ʹĥֻٱ$uEhK\"k8=7)R($v)v51>s\ZwimԮX=g\0kc˚З\\z\0rtU\rY(Nҋ8w,\rn5#2QL\'iIw\"ރ會sX,;-/_+08밤wf\0jo~Y+*wM\0U_!P%{@8ǣ=d2-8U-<bJOGbYu`&XHH3v!+$,f¸馛+osMӠz60O|qo	m#PڮV˲\\\rb~ÇՍ5kD*KVd!O2;<EtL,/PB8^l|R#GՎ_YSRkZgϝ7݌P(T5M걫y⺁#6Y$\"XU49IJs\\[\\z\'N<͛7j6ځ@LΡNA̩E%)19p+h|Yz8E#y*/s,;}4lي^/c,HjG|\rG/]>\0*.*km/g166m\n.\ZH\'(jiw==\"s*abQ@gX&+BjMKf\nUH=::\nB)ۿpמ}7R&߮g\rG苗.wVkBdZ}\\i(./\"<iw|~>_>mw9]9B\"@11p/%pR_9G4\ZRh\\Ƒ#t]G2Yq\0_7pa=r[`mSZ\"|E#3xۇ+VT-Ҥ$2z3&nzyFd\"	MKLm^9Lv#ix)hxqA.K&%>~ݺDzŵbr%!gϞ31u&DS\"sZv)&9F\"1^!sU##./DP\Z\\2cU,ׯ[Xzşգϰ]ciG=ԓEضmk]ӫ2H\"Z^.Dt4uGZfVusHySSSøƛjѨ%&vI߰~䄾0rџR>XIϷh6Q9H$яAGGGƣJ$VPJ&sf6:/=Ԫ!]m\\b0J#ˮN&8}4nf#,yV5?\r_Q\0<Z\rUUE(ȩaxx&&&+BfRҦaVLfYQ1+8Qͮu07e1iǂMsac#貍F.`uIf\0PP(aXlN\0\\qI$􅑑\0$T߿vrOװ}vKB*UDf;9x<*	~WΟ%9cDaW\\(1D\"kf=7ڢIF99O*J?TՇ`00dwcH^(\\;m_WZBsL\0Jck_U>sIMRo\rØahh̳8I (\n8zΟ!NG~\rܓ\"BUTIػw(Jyd. Rʙo,]tbl줿ރ)\'sGJH퐺E\"ETp0q%޽gͱT[Besu҂+9AY Qh\\-m:k׮:UD*g^F-Fk@0boq҂Hߍ TrmXFj7:^_Im\\#G߿慛0\0`\0>Oy;wZsB;JNLR4ntw3ɡ/)w۟xQ{42g͔~Lt(?۔[wh&<HJ\"uv\\wiݮ/\0͛VˤQ`YFpsK5#s8x\'C\0~FƮ]9ǥ˗ʖ\"eI\'ӐWod˦|\rU0$YYX3kP$/x<ױ{$$!\nJ_:{Ν+v@0\0NQ`xx0=3c%JזG<2@Z>t0;pT);]RjO\r9c8<mۖ4BP|wDUaν#\0rOѼؕॗ^+#/dR{eIB(*̜sq$b1k,@\0ҕgЙdp%HCU}ex9-]F<xqTgc$H$В%qM.gϝ[Yg&XN7:O3m]N\n4IH?eLu)r>9/>d2mݼa$\r\'b/UUIqRh$C\\z7xS]f.	hZ\0mٲ酒	}9\n\0IEF7\ZO<+WwmoIR\'EUm!3Iw<Әn\rB8+V$Hmf&Rk^|{[*D<#s7\'J99?j5yAJoMs-܆D-չfFg͒ÓǞiI|SخB|@WgW[j\0>SS̙^Y5LJO\rGOJp>d2KХŘ=|g0?_Ϥ>R24D0*Dkׯ͛,7.g@0htm>}PQBspjQp0cP\'$I.+Ɯ3199Qf\0\09\\>\'i֩摚xZLG\"ax.F5<2AghAB>}O}֮uo1(\nwcvvR9bȒTvyt:.?W&ޱ}7~Z[<k:v\\}^jICZ.*i8<nIF/|\0JVե\0^]X~=.]l~Z*Bf`mz	VUDo_ca8t֮<~򓓰[dWH}qds8Tђ8>yi9y$sɌ:ĦMڊZGdBfMpcֆÇo@GGGa]R\r\raǎ!\\Q\\8rPBD$\ZCpj>>\\\"lUn\\_UH&|r*gլR9ǟqYw_rεwm/8xKJî:ܢŋsh`zxa*w-> SHمhWH~?mv`tts,t>kXʩW[1cЂ[][=q$]fTٳgߏήe*U )Z\"zSd́wM7B85WcոpἫTda){+|3NVwϾVB={bKrXO=u[wΕ+W@)Ŧ.Vuoͪ+$*`Wt,l۶,#rcgwE8O練`߾O<\'lۦ{ׅ:\Z⹟ؖ\nZԊ\"sΡV(bEt\0/zXR:/RSI;OuY֑]̺\\?g%mێ\'sss)oΤPǙvws?F$\'/ut^\rS*dԖ/\',C7+%0pylٲ`)=]JEVv/rJYz=YcÆ|rj۬Ν̜1<д7Y囓2V:sg:@ a5y{1;;SoW˲I9<4RʹԃJR%f\n6Z\'xM\\֡gΞc<)Df\08ufffbwƆA]NA4qo$J0c\Z\r;vdҝԩ51Ģ1ؾْk\0)~G1\\\n`Od(`ǎ!$ɓcccpd03lʕ+]׬Y[ۇgX4\rc9BX/]Ď;\Z$\n6vRy9X+;~XmvO#入T8qD r,ߏg/)شy3mx]FMhikCٙ|?Sw;7|K,m\0zW[l`͚x[nIjaر\'[[6l[!Yу/ddMUe)ݻst\"\0K~H6R@ݛretqXePJ?us\'O OgnܸѶzԢT\\8t9M6axx8:J8	!Ex14QO&hǎ!\\~ccs*-ߏ}gUM3j0uw`*\'=#<ØæM[BTlҊ\r6ВILOOԩS\0N->c@ }`U4\rO?48x+nt-\\se.2{oL,4<$e\0a-uq1Hmܹ3xGqatekrE]h5Y駟L\"G-K)qoo/Z[[cpJw]~\\&d1jKUU}Hv:txYo_\\Q&{u?/Wwv6OZA4/[{\ZZ|9r8`ʨmZ7(AaC4JC81Ev>C/:Bxf,ŬE\"@8<Uyv f܍wĬ8}TՅ}-\r-BI\ryz%s8{mT\\B+Īsϖ(P,ͩV$kZ-&V+D(tH\"B.9vm/]ycӦ-yEH$_+1u;wa͚aՐeEejV)ƹ	W@y@C\n$RԷ\\efI\rs}JIrENn.TFd/n˲8C@,q9@WŸ́^pVZe#-<qfY/-	Rr.N(@i~ǡMq\rKSJ)ʅY}-xTS9Pr5-rAmha46bΝ=|8e!^V\"58#nP0>44-	\0ВIOA	ʕ+նZGj*	]+Pvj\":bT64_B^uzJsQ	*{o\\tww=Vqѣ/w6K{sCUUgEOC4闅\r-`bp uSەgNޢdi! D*^*ursa-͊]\"j\\,čV-- P*7/;Y^A֏i\ZV}C PL@E2M4@-$g]U>wKecg!4\0h/Z߻,n4Ү/$	\nt\rH&D\"B)$IwU#&,G_C<|9G<C hnRA\Z|buW9G4烪,[Lc~~,7^98èsZ9It]?EĩS/ab|<Kkò,Bu0MxU8ĢH>Y:\0ĥKVy$IDњj4MPU>D<^y&	VRa:D͈\\s&H&ВI(EU*^c>VAn\ZMD`Q躁d2	4rJlMCR ˲En	B6l؈_pu\\\"z1a0D@eGVlHEJ4M)s|JK&9dZ2	BElE$I{[ޥAUtuuЛJsu/4vK;qΡ:T0=-%Ih5VmhCWy\Z$$^r	]X8-.P`eiuk6L¥&	,4M3sQ9r%Wt5\n!$Cr*1焴?	?ť^Z	kWN! `i6o]5rN.޼e94yUSkw]J)cҐBea9g`H}̘,Y+ym\'i7QyFn^aC7Ѐf:Xލ[\ZU%d1=4aӮTnAv#yn\':6lsSu.Tnbp[\\N腬ob0Hנ:!ªUnfP\nʕH~9EAWWw3^qk\'`;ܶ2>-EZEbI;	-h	 #kP{/\rk8v033x\"Y\'\rJ)W*@#1	YUu9*0\\7X@@y\'mn^W\r*Ԛb0c7vd%b0-7X@hdLB[Lkpӂ1Y$IHvOBh49իWL&2χϟOg!-Pb2[嘙k\0-O	-Ш(Ξbod#Q\r<\0!y霡PVUUZӠ!A-ndsH2VZqBޑᱝ\n[n`}F{qA:$K8M/\rh]\0?p\0\0\0\0IENDB`',2110005,'mike','Buffet','Phoebe','BSN',4,'F','Queen of Peace, Baguio City','Queen of Peace, Baguio City','SLU','Filipino','Filipino','Kenny Buffet','9864521','Medical Representative','Lily Buffet','0963456235','Artist','Single','Roman Catholic','Ursula Buffet','78923255','Sister','Palma Street, Labsan, Baguio City',21,0);
/*!40000 ALTER TABLE `student` ENABLE KEYS */;
UNLOCK TABLES;
/*!40103 SET TIME_ZONE=@OLD_TIME_ZONE */;

/*!40101 SET SQL_MODE=@OLD_SQL_MODE */;
/*!40014 SET FOREIGN_KEY_CHECKS=@OLD_FOREIGN_KEY_CHECKS */;
/*!40014 SET UNIQUE_CHECKS=@OLD_UNIQUE_CHECKS */;
/*!40101 SET CHARACTER_SET_CLIENT=@OLD_CHARACTER_SET_CLIENT */;
/*!40101 SET CHARACTER_SET_RESULTS=@OLD_CHARACTER_SET_RESULTS */;
/*!40101 SET COLLATION_CONNECTION=@OLD_COLLATION_CONNECTION */;
/*!40111 SET SQL_NOTES=@OLD_SQL_NOTES */;

-- Dump completed on 2015-05-12 21:57:23
